ID,Name,Team,Pos,Price,14_pts,15_pts,16_pts,17_pts,18_pts,19_pts,20_pts
1,"Fábio Vieira",ARS,MID,5.4,0,0,0,0,0,0,0
2,G.Jesus,ARS,FWD,6.8,1.81006,1.69101,1.99226,1.7149,1.8743,1.66682,1.62687
3,Gabriel,ARS,DEF,6.2,1.80719,2.60986,2.58463,2.90901,2.66428,3.11601,2.87315
4,Havertz,ARS,FWD,7.9,2.46165,2.24302,2.59427,2.24465,2.51543,2.22071,2.17817
5,Hein,ARS,GK,4,0,0,0,0,0,0,0
6,J.Timber,ARS,DEF,5.5,2.71462,2.89064,2.75978,2.85278,2.77455,3.0963,2.83053
7,Jorginho,ARS,MID,4.7,0.95062,0.95401,1.00034,0.95839,0.97211,0.9675,0.91908
8,Kiwior,ARS,DEF,4.8,1.29549,1.46245,1.27768,1.43569,1.29984,1.60355,1.43715
9,Martinelli,ARS,MID,6.9,1.64827,1.54329,1.76072,1.52618,1.80298,1.59161,1.50164
10,Nelson,FUL,MID,5,1.68009,1.5682,1.52801,1.76174,1.6272,1.764,1.70547
11,Nketiah,CRY,FWD,5.9,1.61443,1.44816,1.60637,1.50324,1.62154,1.79861,1.54614
12,Nwaneri,ARS,MID,4.5,1.10302,1.0979,1.16634,1.11512,1.12888,1.11799,1.06566
13,Ødegaard,ARS,MID,8.3,3.57456,3.58496,3.77197,3.46936,3.92251,3.70254,3.46981
14,Ramsdale,SOU,GK,4.4,0,0,0.03715,2.83234,2.65152,3.15038,2.63541
15,Raya,ARS,GK,5.5,3.57575,4.23832,3.36385,3.97016,3.07414,4.25315,4.17122
16,Rice,ARS,MID,6.2,2.52623,2.6794,2.67398,2.64844,2.70839,2.75149,2.61124
17,Saka,ARS,MID,10.3,4.80651,4.52891,5.52161,4.49806,5.98499,4.95165,4.56745
18,Saliba,ARS,DEF,6,2.86951,3.01054,2.93869,3.02156,2.86394,3.17639,2.95248
19,"Smith Rowe",FUL,MID,5.7,2.358,2.14864,2.10938,2.4428,2.23208,2.44367,2.39611
20,Thomas,ARS,MID,5,1.19501,1.57043,1.854,1.87142,1.91301,1.88272,1.81792
21,Tierney,ARS,DEF,4.3,0.11263,0.12523,0.11194,0.12311,0.11391,0.13569,0.12314
22,Tomiyasu,ARS,DEF,4.8,0,0,0,0,0,0,0
23,Trossard,ARS,MID,6.8,2.4772,2.52538,2.84947,2.61193,2.98157,2.72508,2.57884
24,White,ARS,DEF,6.2,0,0,0,0,0,0,0
25,Zinchenko,ARS,DEF,4.8,1.93176,1.95916,1.98063,1.94911,1.95231,2.09702,1.92108
26,"Alex Moreno",NFO,DEF,4.4,2.60952,2.37286,2.28875,2.59278,2.34167,2.16559,2.38502
27,Archer,SOU,FWD,5,1.92361,1.92332,1.9693,1.98734,2.14021,2.00762,2.10189
28,Bailey,AVL,MID,6.3,2.82909,3.00438,2.32437,2.38734,2.23515,2.7992,3.32488
29,Barkley,AVL,MID,5.2,2.01506,2.06793,1.87207,1.79481,1.83273,1.96525,2.19012
30,Barrenechea,AVL,MID,4.9,0,0,0,0,0,0,0
31,Buendia,AVL,MID,5.2,0.80478,0.82944,0.74172,0.68196,0.71754,0.77352,0.89405
32,Cash,AVL,DEF,4.4,2.07392,2.01293,2.1596,2.11987,2.35509,2.08099,2.22207
33,Dendoncker,AVL,MID,4.5,0,0,0,0,0,0,0
34,Diaby,AVL,MID,6.5,0,0,0,0,0,0,0
35,"Diego Carlos",AVL,DEF,4.5,1.83348,1.75568,1.99913,1.94075,2.19719,1.85317,1.93388
36,Digne,AVL,DEF,4.7,2.57519,2.54466,2.64352,2.50346,2.80166,2.55348,2.78595
37,Dobbin,AVL,MID,5,0,0,0,0,0,0,0
38,Duran,AVL,FWD,5.8,1.5561,1.65492,1.4596,1.2601,1.33885,1.48863,1.68681
39,Gauci,AVL,GK,4,0.19534,0.18119,0.21407,0.2344,0.24244,0.20692,0.20624
40,Hause,AVL,DEF,4,3.0E-5,3.0E-5,3.0E-5,3.0E-5,4.0E-5,3.0E-5,3.0E-5
41,"Iling Jr",AVL,MID,5.4,0,0,0,0,0,0,0
42,Kamara,AVL,MID,5,1.37307,1.40814,1.33843,1.23551,1.31408,1.34143,1.48562
43,Kesler-Hayden,AVL,DEF,4,0,0,0,0,0,0,0
44,Konsa,AVL,DEF,4.4,2.64011,2.60471,2.5487,2.61529,2.72442,2.62345,2.77579
45,Maatsen,AVL,DEF,4.6,1.76924,1.73865,1.80986,1.74529,1.95523,1.76374,1.93485
46,Marschall,AVL,GK,4,0,0,0,0,0,0,0
47,Martinez,AVL,GK,5,3.21094,2.98726,3.87108,3.8283,4.31856,3.3941,3.38392
48,McGinn,AVL,MID,5.2,2.64268,2.78069,2.43607,2.39086,2.36946,2.6535,2.99352
49,Mings,AVL,DEF,4.4,0.22003,0.21432,0.22862,0.22401,0.24742,0.22059,0.23442
50,Nedeljkovic,AVL,DEF,4,0.12759,0.122,0.13719,0.13471,0.15221,0.1288,0.13551
51,Olsen,AVL,GK,4.5,0.00767,0.00713,0.00894,0.00917,0.01003,0.00812,0.0081
52,Pau,AVL,DEF,4.4,2.49449,2.42661,2.59249,2.55735,2.79685,2.50036,2.61688
53,Ramsey,AVL,MID,5.4,0.02479,1.9305,2.09894,1.9588,2.0934,2.18217,2.51697
54,Rogers,AVL,MID,5.3,2.40159,2.45943,2.24572,2.07461,2.17551,2.31927,2.63552
55,Sinisalo,AVL,GK,4,0,0,0,0,0,0,0
56,Sousa,AVL,DEF,4,0,0,0,0,0,0,0
57,Tielemans,AVL,MID,5.5,2.87792,3.00073,2.91576,2.56876,2.82794,2.85027,3.20947
58,Watkins,AVL,FWD,9,3.5793,3.82463,3.22699,3.27944,3.07895,3.62313,3.92146
59,Aarons,BOU,DEF,4.3,0.45373,0.44298,0.44583,0.48333,0.43297,0.48743,0.41997
60,Adams,BOU,MID,4.9,1.7387,1.60659,1.83705,1.72423,1.85187,1.70731,1.81111
61,Anthony,BOU,MID,4.5,0,0,0,0,0,0,0
62,Brooks,BOU,MID,4.9,1.53835,1.41344,1.62747,1.47958,1.59907,1.47038,1.5606
63,Christie,BOU,MID,4.9,2.29851,2.07436,2.37908,2.10403,2.3231,2.10607,2.27867
64,Cook,BOU,MID,5,1.41932,1.87964,2.23469,2.26544,2.31135,2.27087,2.27336
65,"Enes Ünal",BOU,FWD,5.4,1.47632,1.42878,1.62529,1.49049,1.67154,1.47042,1.64426
66,Faivre,BOU,MID,5,0,0,0,0,0,0,0
67,H.Traorè,BOU,MID,4.5,0,0,0,0,0,0,0
68,Hill,BOU,DEF,4,0.0191,0.01857,0.01865,0.02048,0.01805,0.02067,0.01745
69,Jebbison,BOU,FWD,4.5,0,0,0,0,0,0,0
70,Kerkez,BOU,DEF,4.4,2.5714,2.29925,2.58912,2.49626,2.53718,2.51433,2.46457
71,Kluivert,BOU,MID,5.3,3.17198,4.12228,4.39103,4.70272,4.48612,4.75275,4.44103
72,Mepham,BOU,DEF,4.4,0,0,0,0,0,0,0
73,Neto,ARS,GK,4.2,0.20891,0.26013,0.19537,0.24308,0.17684,0.26105,0.25588
74,O.Dango,BOU,MID,5,1.83081,1.76253,1.91732,1.83503,1.8975,1.82738,1.8541
75,Paulsen,BOU,GK,4,0,0,0,0,0,0,0
76,Philip,BOU,MID,4.8,0.48442,0.45131,0.52287,0.48887,0.52405,0.48425,0.51091
77,Scott,BOU,MID,4.7,0,0,0,0,0,0,0
78,Semenyo,BOU,MID,5.7,2.3222,1.83036,2.52056,1.91363,2.43105,1.90919,2.39235
79,Senesi,BOU,DEF,4.8,2.56876,2.40063,2.61553,2.65234,2.61622,2.65087,2.53732
80,Sinisterra,BOU,MID,4.9,0,0,0,0,0,0,0
81,Smith,BOU,DEF,4.5,2.2224,2.08794,2.19097,2.28323,2.14235,2.30158,2.07741
82,Solanke,TOT,FWD,7.6,3.03362,3.17619,3.48011,3.04867,3.0627,3.65773,3.40366
83,Tavernier,BOU,MID,5.5,2.52901,2.54741,2.71356,2.569,2.61857,2.59277,2.57346
84,Travers,BOU,GK,4.4,0.22931,0.21523,0.20673,0.27383,0.21339,0.26665,0.20289
85,Zabarnyi,BOU,DEF,4.4,2.54099,2.48646,2.50788,2.70974,2.47154,2.71817,2.40504
86,Ajer,BRE,DEF,4.4,0,0,0,0,0,0,0
87,Brierley,BRE,MID,4.5,3.0E-5,3.0E-5,3.0E-5,3.0E-5,3.0E-5,3.0E-5,3.0E-5
88,Collins,BRE,DEF,4.5,2.88015,2.60587,2.87841,2.52119,2.69668,2.57382,2.62887
89,Damsgaard,BRE,MID,5,2.63924,3.06869,2.62277,3.08297,2.6592,2.72986,2.98123
90,Dasilva,BRE,MID,4.8,0,0,0,0,0,0,0
91,Flekken,BRE,GK,4.5,4.60764,3.83872,4.57254,3.41256,4.38842,3.5204,4.81181
92,Henry,BRE,DEF,4.3,0,0,0,0,0,0,0
93,Hickey,BRE,DEF,4.3,0,0,0,0,0,0,0
94,Janelt,BRE,MID,4.9,2.40372,2.6606,2.26509,2.6166,2.28449,2.38519,2.55877
95,Jensen,BRE,MID,5.3,1.52296,2.12636,2.04603,2.33154,2.12754,2.10731,2.40896
96,Ji-soo,BRE,DEF,3.9,4.0E-5,3.0E-5,4.0E-5,3.0E-5,3.0E-5,3.0E-5,3.0E-5
97,Konak,BRE,MID,4.5,0.40836,0.41706,0.39489,0.41721,0.39934,0.38656,0.4606
98,Lewis-Potter,BRE,MID,5,2.27209,2.44992,2.18389,2.43684,2.21509,2.1766,2.5168
99,Mbeumo,BRE,MID,7.8,2.91167,3.3918,2.70149,3.30892,2.73121,2.76702,3.16749
100,Mee,BRE,DEF,4.2,0.35027,0.31082,0.3487,0.29863,0.32435,0.30499,0.31569
101,Nørgaard,BRE,MID,4.8,2.05554,2.07269,1.98667,2.0677,2.00503,1.93476,2.23896
102,Onyeka,BRE,MID,4.9,0,0,0,0,0,0,0
103,Peart-Harris,BRE,MID,4.5,0,0,0,0,0,0,0
104,Pinnock,BRE,DEF,4.5,3.05774,2.70137,3.03288,2.61404,2.86226,2.66193,2.84688
105,Roerslev,BRE,DEF,4.4,1.66266,1.44081,1.65905,1.3671,1.51711,1.42162,1.43071
106,Schade,BRE,MID,5.1,2.42222,3.26941,2.88128,3.57385,3.01237,3.22303,3.29096
107,Thiago,BRE,FWD,5.9,1.25253,1.35495,1.18232,1.38345,1.24482,1.21877,1.49083
108,Toney,BRE,FWD,7.3,1.54573,1.71265,1.42222,1.70304,1.47573,1.47625,1.71466
109,Valdimarsson,BRE,GK,4,0.25108,0.22391,0.24893,0.19702,0.23727,0.20441,0.26381
110,Wissa,BRE,FWD,6.1,2.44786,2.9717,2.34456,3.03661,2.44977,2.6802,2.8988
111,Yarmoliuk,BRE,MID,4.4,1.27835,1.30172,1.24312,1.30521,1.25623,1.23098,1.43611
112,Zanka,BRE,DEF,4.5,0,0,0,0,0,0,0
113,Adingra,BHA,MID,5.3,1.68318,1.78494,1.86096,1.77708,1.81049,1.69473,1.63277
114,Baker-Boaitey,BHA,MID,4.5,0,0,0,0,0,0,0
115,Baleba,BHA,MID,5,1.54844,1.64642,1.73108,1.60206,1.66804,1.53704,1.57597
116,Barco,BHA,DEF,4,0,0,0,0,0,0,0
117,Buonanotte,LEI,MID,5,2.29914,2.11259,2.08386,2.30792,1.91294,1.8587,2.23829
118,Cozier-Duberry,BHA,MID,4.5,0,0,0,0,0,0,0
119,Dahoud,BHA,MID,4.9,0.00779,0.00811,0.00853,0.00798,0.00822,0.00833,0.00726
120,Dunk,BHA,DEF,4.4,2.36477,2.24571,2.15999,2.38833,2.14131,2.4984,2.19006
121,Enciso,BHA,MID,5.4,0.62064,0.66008,0.64043,0.65677,0.61686,0.61715,0.55353
122,Estupiñan,BHA,DEF,5,2.55392,2.42477,2.56275,2.60378,2.53298,2.70915,2.4865
123,Ferguson,BHA,FWD,5.5,1.42768,1.58691,1.5377,1.51048,1.46147,1.36998,1.27889
124,Gilmour,BHA,MID,5,1.82297,1.8985,1.97711,1.8606,1.90472,1.93845,1.72192
125,Gross,BHA,MID,6.5,0,0,0,0,0,0,0
126,Hinshelwood,BHA,MID,5,0.16284,0.66365,1.44568,1.79781,2.06327,1.98165,1.99493
127,I.Osman,BHA,MID,5,0,0,0,0,0,0,0
128,Igor,BHA,DEF,4.4,2.17317,2.0185,2.00569,2.18932,1.99841,2.32958,2.06757
129,"João Pedro",BHA,FWD,5.7,2.21072,2.37524,2.51054,2.20166,2.36971,2.0141,2.09077
130,Kozlowski,BHA,MID,4.5,0,0,0,0,0,0,0
131,Lamptey,BHA,DEF,4.4,0.97744,0.91076,0.88464,0.99165,0.88156,1.04937,0.89859
132,March,BHA,MID,6.5,0.25324,1.02019,2.16484,2.78522,2.85613,2.71629,2.4957
133,Mazilu,BHA,MID,4.5,0,0,0,0,0,0,0
134,Milner,BHA,MID,5,0,0,0,0,0,0,0
135,Minteh,BHA,MID,5.2,1.4324,1.48794,1.44325,1.49023,1.39771,1.3895,1.20506
136,Mitoma,BHA,MID,6.5,2.79654,2.8622,3.12366,2.86615,3.06452,2.7108,2.6566
137,Moder,BHA,MID,4.4,0.4187,0.45109,0.45777,0.43969,0.43844,0.4189,0.40621
138,O’Mahony,BHA,FWD,4.5,0,0,0,0,0,0,0
139,Offiah,BHA,DEF,4,0,0,0,0,0,0,0
140,Peupion,BHA,MID,4.5,0.00015,0.00016,0.00016,0.00015,0.00015,0.00015,0.00014
141,Sarmiento,BHA,MID,4.9,0,0,0,0,0,0,0
142,Steele,BHA,GK,4.3,0.26533,0.22667,0.20034,0.25234,0.19265,0.27499,0.20135
143,Undav,BHA,FWD,5.5,0,0,0,0,0,0,0
144,"Van Hecke",BHA,DEF,4.5,2.61893,2.51755,2.3427,2.65261,2.32022,2.75894,2.37149
145,Veltman,BHA,DEF,4.6,1.28037,1.61618,1.75118,2.02318,1.82326,2.11869,1.86281
146,Verbruggen,BHA,GK,4.5,4.17072,3.56316,3.20015,3.96665,3.07898,4.3224,3.22083
147,Webster,BHA,DEF,4.3,0.11528,0.41544,0.82103,1.23149,1.21564,1.5404,1.33386
148,Welbeck,BHA,FWD,6,2.3637,2.5825,2.7405,2.47695,2.61647,2.28632,2.33294
149,Wieffer,BHA,MID,4.8,1.3478,1.43327,1.42394,1.40421,1.36604,1.32964,1.251
150,"Andrey Santos",CHE,MID,4.5,0,0,0,0,0,0,0
151,Ângelo,CHE,MID,4.5,0.01638,0.01471,0.01526,0.0149,0.01584,0.01372,0.01529
152,Arrizabalaga,BOU,GK,4.5,3.49603,3.306,3.15212,4.19776,3.25374,4.08849,3.09402
153,B.Badiashile,CHE,DEF,4.3,0.83563,0.95435,0.80991,0.79807,0.80918,0.80345,0.86722
154,Bergström,CHE,GK,4,0.00879,0.00847,0.00651,0.00746,0.00682,0.0064,0.00749
155,Bettinelli,CHE,GK,4,0.00879,0.00847,0.00651,0.00746,0.00682,0.0064,0.00749
156,Broja,EVE,FWD,5.4,0.27621,0.29384,0.30804,0.36628,0.33603,0.40653,0.38829
157,Caicedo,CHE,MID,4.9,2.75092,2.45117,2.41061,2.43777,2.36109,2.41742,2.50284
158,Casadei,CHE,MID,4.4,0.08039,0.07048,0.07418,0.07124,0.07246,0.06687,0.07328
159,Chalobah,CRY,DEF,4.4,2.29525,2.34716,2.48488,2.36248,2.47808,2.27759,2.37663
160,Chilwell,CHE,DEF,4.7,0.01437,0.0154,0.01363,0.01325,0.0135,0.01332,0.01432
161,Chukwuemeka,CHE,MID,4.8,0.01745,0.01528,0.0164,0.01525,0.01599,0.01485,0.01573
162,Colwill,CHE,DEF,4.5,2.65162,2.87307,2.45627,2.50411,2.44686,2.47673,2.68381
163,Cucurella,CHE,DEF,5,2.20128,2.43868,2.11195,2.06559,2.0998,2.0624,2.24309
164,D.D.Fofana,CHE,FWD,5.4,0.92914,0.7736,0.86819,0.82753,0.90738,0.77056,0.8144
165,Deivid,CHE,FWD,5,0.00467,0.00366,0.00407,0.00399,0.00394,0.00381,0.00401
166,Dewsbury-Hall,CHE,MID,5.6,0.70865,0.59986,0.67734,0.58706,0.65534,0.59371,0.61168
167,Disasi,CHE,DEF,4.3,0.24032,0.26821,0.22867,0.22785,0.22807,0.22842,0.24636
168,Enzo,CHE,MID,4.8,2.91678,2.64087,2.76362,2.63445,2.70018,2.65351,2.7091
169,Gallagher,CHE,MID,5.9,2.2306,2.03509,2.2216,2.02184,2.32024,1.96547,2.07459
170,Gilchrist,CHE,DEF,4,0,0,0,0,0,0,0
171,Gusto,CHE,DEF,4.9,2.53057,2.70677,2.27095,2.33265,2.254,2.32577,2.52164
172,James,CHE,DEF,4.9,0,0,0,0,0,0,0
173,Kellyman,CHE,MID,4.4,0,0,0,0,0,0,0
174,Lavia,CHE,MID,4.5,1.69204,1.49159,1.60954,1.50089,1.57115,1.42287,1.54226
175,Lukaku,CHE,FWD,6.3,0,0,0,0,0,0,0
176,M.Sarr,CHE,DEF,4.5,0,0,0,0,0,0,0
177,Madueke,CHE,MID,6.4,2.59432,2.3032,2.4846,2.27988,2.42265,2.25747,2.34291
178,"Marc Guiu",CHE,FWD,4.8,0.03356,0.02626,0.02917,0.02868,0.02824,0.02737,0.02882
179,Mudryk,CHE,MID,6.2,1.30478,1.14198,1.30757,1.13849,1.26897,1.10915,1.17549
180,N.Jackson,CHE,FWD,8,3.12199,2.59181,3.1572,2.78885,3.07531,2.68373,2.79807
181,Nkunku,CHE,MID,5.9,1.70036,1.42608,1.5659,1.40522,1.51399,1.40051,1.46715
182,Palmer,CHE,MID,10.9,4.80068,4.11907,5.64511,3.95679,5.41424,4.41886,4.16081
183,Petrović,CHE,GK,4.4,0,0,0,0,0,0,0
184,"Renato Veiga",CHE,MID,4.5,0.3552,0.30766,0.32223,0.31075,0.31423,0.2913,0.32066
185,Sánchez,CHE,GK,4.7,4.86003,4.70652,3.1394,4.22377,3.28757,3.72189,4.23728
186,Sterling,ARS,MID,6.7,1.18647,1.18586,1.24501,1.1694,1.24257,1.20879,1.13855
187,Tosin,CHE,DEF,4.2,0.54482,0.63677,0.52029,0.52859,0.52212,0.53006,0.57495
188,Ugochukwu,SOU,MID,4.5,0,0.77333,0.7589,0.77751,0.80739,0.79387,0.79073
189,W.Fofana,CHE,DEF,4.5,2.22429,2.48098,2.16595,2.09678,2.15577,2.106,2.27398
190,Ahamada,CRY,MID,4.5,0,0,0,0,0,0,0
191,Andersen,FUL,DEF,4.3,0,0,0,0,0,0,0
192,J.Ayew,LEI,MID,5.2,2.0033,1.87026,1.79807,2.03712,1.69243,1.6965,1.86576
193,C.Doucouré,CRY,MID,4.9,1.15338,1.1466,1.21257,1.18603,1.22531,1.30303,1.21087
194,C.Richards,CRY,DEF,4.4,0.9885,1.05234,1.07534,1.0506,1.06776,0.96658,1.04732
195,"Chadi Riad",CRY,DEF,4.3,0,0.02537,1.12146,1.26987,1.33676,1.28278,1.36152
196,Clyne,CRY,DEF,4.4,1.27223,1.27646,1.38019,1.27072,1.37179,1.16408,1.27186
197,Ebiowei,CRY,MID,4.5,0,0,0,0,0,0,0
198,Edouard,LEI,FWD,5.2,0.6092,0.5758,0.5428,0.63571,0.49,0.49883,0.56514
199,Eze,CRY,MID,6.6,2.70503,2.47771,2.63055,2.45365,2.61253,2.95971,2.73384
200,Guéhi,CRY,DEF,4.5,2.52574,2.52651,2.7373,2.54403,2.7329,2.4338,2.55158
201,Henderson,CRY,GK,4.4,3.33068,3.69143,4.0473,3.21676,4.11843,2.85124,3.24238
202,Holding,CRY,DEF,4.3,0.00341,0.00347,0.00367,0.00346,0.00364,0.00332,0.00352
203,Hughes,CRY,MID,4.9,1.66187,1.72398,1.73313,1.76762,1.74692,1.95424,1.81729
204,Johnstone,WOL,GK,4.4,1.13364,1.15809,0.83356,1.03062,0.99237,1.28614,0.94594
205,Kamada,CRY,MID,5.1,0,1.45503,1.59968,1.49137,1.60528,1.73219,1.58665
206,Lerma,CRY,MID,4.8,1.70616,1.76453,1.79045,1.8249,1.81055,2.0135,1.87902
207,Mateta,CRY,FWD,7.2,2.42912,2.36702,2.36122,2.41047,2.37184,2.84554,2.47273
208,M.França,CRY,MID,4.4,0,0,0,0,0.01705,0.0183,0.93
209,Matthews,CRY,GK,4,0.0064,0.00778,0.00791,0.00678,0.00806,0.00601,0.00683
210,Mitchell,CRY,DEF,4.9,2.48963,2.61026,2.65751,2.60523,2.63852,2.55383,2.66401
211,Muñoz,CRY,DEF,4.7,2.41448,2.3914,2.57067,2.39307,2.55461,2.38686,2.47057
212,Ozoh,CRY,MID,4.5,0,0,0,0,0,0,0
213,Rak-Sakyi,CRY,MID,4.5,0,0,0,0,0,0,0
214,Schlupp,CRY,MID,4.7,1.24433,1.23638,1.30807,1.27898,1.32258,1.41169,1.3007
215,Ward,CRY,DEF,4.3,0.05143,0.05253,0.05586,0.05216,0.05542,0.0473,0.05222
216,Wharton,CRY,MID,4.7,0.02424,1.52796,1.84373,1.9391,1.93373,2.1373,2.05471
217,A.Doucoure,EVE,MID,5.1,2.55028,2.16117,2.00909,2.28,2.05549,2.37148,2.15138
218,Beto,EVE,FWD,5,1.4013,1.10334,1.01402,1.17683,1.05536,1.31557,1.23575
219,Branthwaite,EVE,DEF,4.8,2.1509,2.19381,2.64804,2.19209,2.64455,2.07277,2.30051
220,Calvert-Lewin,EVE,FWD,5.6,2.78379,2.33384,2.1347,2.44008,2.19218,2.65039,2.46176
221,Coleman,EVE,DEF,4.3,0.03199,0.12287,0.29995,0.33915,0.44613,0.3826,0.41301
222,Gana,EVE,MID,4.9,2.37427,2.1047,2.07578,2.16592,2.10959,2.25254,2.19701
223,Garner,EVE,MID,4.9,0,0,0,0,0,0,0
224,Harrison,EVE,MID,5.3,2.13924,1.82978,1.68201,1.93913,1.72339,2.01794,1.80641
225,Holgate,EVE,DEF,4,0,0,0,0,0,0,0
226,Iroegbunam,EVE,MID,4.4,0,0,0,0,0,0,0
227,J.Virginia,EVE,GK,4,0.00665,0.00742,0.009,0.00687,0.009,0.00657,0.00806
228,Keane,EVE,DEF,4.2,1.13387,1.14262,1.38971,1.14446,1.38931,1.08639,1.20591
229,Maupay,EVE,FWD,4.9,0.72076,0.59635,0.53269,0.63204,0.51647,0.67611,0.66025
230,McNeil,EVE,MID,5.6,3.67258,3.01816,2.77705,3.26043,2.91223,3.37638,3.08419
231,Mykolenko,EVE,DEF,4.3,2.3635,2.36776,2.75908,2.37298,2.75666,2.27979,2.44164
232,Ndiaye,EVE,FWD,5.4,2.75471,2.3161,2.1,2.43295,2.15454,2.65133,2.40268
233,Onana,AVL,MID,4.9,1.36948,1.82168,1.89622,1.82051,1.92825,1.93933,2.10024
234,Patterson,EVE,DEF,4.4,0.01254,0.01264,0.01569,0.01267,0.01571,0.01198,0.01364
235,Pickford,EVE,GK,4.9,3.38788,3.74039,4.38042,3.48384,4.38159,3.34353,3.93794
236,Tarkowski,EVE,DEF,4.8,2.9752,2.77327,3.10944,2.82912,3.13166,2.82565,2.91099
237,"Y. Chermiti",EVE,FWD,4.9,0,0,0,0,0,0,0
238,Young,EVE,DEF,4.6,2.46192,2.34696,2.73918,2.38724,2.75151,2.3419,2.50036
239,Adama,FUL,MID,4.9,2.4559,2.08986,1.94205,2.62432,2.21592,2.62412,2.60899
240,Andreas,FUL,MID,5.1,2.66995,2.31881,2.24435,2.82942,2.51494,2.82821,2.80901
241,Bassey,FUL,DEF,4.5,2.22813,2.30552,2.68893,2.13685,2.66406,2.28406,2.18383
242,Benda,FUL,GK,4,0.20691,0.20441,0.29432,0.18118,0.24893,0.20425,0.17449
243,Cairney,FUL,MID,4.8,1.42806,1.30915,1.15873,1.52045,1.23276,1.52129,1.47176
244,Castagne,FUL,DEF,4.2,1.45688,1.48015,1.63214,1.41627,1.62457,1.50054,1.44001
245,Diop,FUL,DEF,4.4,0.80758,0.83704,0.99942,0.77275,0.99257,0.82954,0.79032
246,Harris,FUL,MID,4.5,0,0,0,0,0,0,0
247,Iwobi,FUL,MID,5.6,3.05958,2.68044,2.60443,3.09353,2.85643,3.09079,3.0614
248,Leno,FUL,GK,5,3.79962,3.75632,5.16383,3.39394,4.44575,3.75893,3.28876
249,Lukić,FUL,MID,4.8,1.73261,1.66196,1.59998,1.8036,1.65809,1.80615,1.73758
250,Mbabu,FUL,DEF,4,0.05395,0.05653,0.06793,0.05096,0.06635,0.05503,0.05109
251,Muniz,FUL,FWD,5.5,1.64923,1.49407,1.33059,1.82522,1.46133,1.74536,1.69769
252,Raúl,FUL,FWD,5.7,2.64768,2.43109,2.21838,2.85127,2.38603,2.74599,2.68275
253,Ream,FUL,DEF,4.5,0,0,0,0,0,0,0
254,Reed,FUL,MID,4.8,0,0,0,0,0,0.01571,0.69258
255,Robinson,FUL,DEF,4.7,2.87835,2.84332,3.04364,2.87431,3.07868,2.99209,2.88576
256,Stansfield,FUL,FWD,5,0.55802,0.49812,0.49512,0.58272,0.5378,0.60448,0.50608
257,Tete,FUL,DEF,4.5,2.22435,2.2767,2.56749,2.14316,2.5459,2.28864,2.19799
258,Vinicius,FUL,FWD,5,0.00131,0.00117,0.00109,0.00145,0.00121,0.00138,0.00134
259,Wilson,FUL,MID,5.2,1.2958,1.20644,1.14755,1.37308,1.21712,1.37529,1.31966
260,Al-Hamadi,IPS,FWD,4.8,0.37852,0.36074,0.38495,0.34332,0.2658,0.31039,0.34644
261,Baggott,IPS,DEF,4,0,0,0,0,0,0,0
262,Broadhead,IPS,MID,4.9,0.69075,0.68356,0.66463,0.66058,0.57015,0.62806,0.62705
263,Burgess,IPS,DEF,3.9,1.725,1.78874,1.92197,1.81204,2.19537,1.81783,1.95475
264,Burns,IPS,MID,4.8,1.97953,1.96232,2.05591,1.88493,1.7417,1.79554,1.93021
265,Chaplin,IPS,MID,5.1,1.71952,1.71549,1.71577,1.65771,1.43451,1.57227,1.60696
266,H.Clarke,IPS,DEF,4,0.8776,0.91684,0.99742,0.93079,1.16962,0.93401,1.01794
267,Davis,IPS,DEF,4.5,2.81509,2.88989,2.86944,2.87269,3.00941,2.8236,2.84599
268,Delap,IPS,FWD,5.6,3.01377,2.81296,2.67872,2.57382,2.04797,2.39968,2.44432
269,Edmundson,IPS,DEF,4,0,0,0,0,0,0,0
270,Greaves,IPS,DEF,4,0.96952,1.00532,1.07997,1.01871,1.23668,1.02212,1.0991
271,Harness,IPS,MID,4.9,0,0,0,0,0,0,0
272,Hirst,IPS,FWD,5.4,0,0,0,0,0,0,0
273,Humphreys,IPS,MID,4.5,0,0,0,0,0,0,0
274,Hutchinson,IPS,MID,5.2,2.41522,2.41821,2.28911,2.34684,1.96305,2.24527,2.16554
275,Johnson,IPS,DEF,4,0.65388,0.9036,1.09391,1.07721,1.31828,1.0805,1.17006
276,Ladapo,IPS,FWD,4.5,0,0,0,0,0,0,0
277,Luongo,IPS,MID,4.5,0.65197,0.64139,0.64149,0.62751,0.56283,0.59408,0.61019
278,Morsy,IPS,MID,4.9,2.49885,2.47982,2.25781,2.42577,2.00012,2.33042,2.15756
279,Ndaba,IPS,DEF,4,0,0,0,0,0,0,0
280,Slicker,IPS,GK,4,0.00754,0.00759,0.00807,0.00832,0.01003,0.00765,0.00897
281,Taylor,IPS,MID,4.8,1.35624,1.35253,1.36175,1.3292,1.15068,1.24896,1.28313
282,Tuanzebe,IPS,DEF,4,1.31899,1.78751,2.06991,2.0026,2.43899,2.00935,2.16712
283,Walton,IPS,GK,4.3,0.20865,0.20999,0.23517,0.22966,0.28788,0.21159,0.25943
284,Woolfenden,IPS,DEF,4,0.46546,0.48345,0.52108,0.49015,0.59966,0.49183,0.53063
285,B.Soumaré,LEI,MID,4.4,1.33013,1.25206,1.23102,1.37598,1.15754,1.14539,1.2752
286,Cannon,LEI,FWD,4.5,0,0,0,0,0,0,0
287,Choudhury,LEI,MID,4.4,0.19357,0.18348,0.17674,0.20044,0.16749,0.16852,0.1821
288,Coady,LEI,DEF,4,0.53146,0.51959,0.61703,0.53895,0.64287,0.54443,0.63493
289,Daka,LEI,FWD,4.8,1.54829,1.44634,1.34702,1.59658,1.20497,1.23083,1.40531
290,"De Cordova-Reid",LEI,MID,5.2,1.33829,1.26211,1.18958,1.36619,1.12376,1.15119,1.22042
291,Faes,LEI,DEF,4.1,2.13988,2.09913,2.44824,2.16763,2.54076,2.18957,2.51234
292,Golding,LEI,MID,4.4,0.06939,0.06563,0.0633,0.07174,0.05988,0.06012,0.06545
293,Hermansen,LEI,GK,4.5,3.21049,3.37416,4.14021,3.25629,4.95987,3.80627,4.27908
294,Iversen,LEI,GK,4,0.19786,0.20842,0.24419,0.2008,0.29646,0.2361,0.25291
295,Justin,LEI,DEF,4.6,2.3548,2.28591,2.51463,2.39193,2.57683,2.31229,2.58818
296,Kristiansen,LEI,DEF,4.5,1.87844,1.81943,2.0636,1.91228,2.09555,1.82905,2.12458
297,Marcal,LEI,MID,4.5,0,0,0,0,0,0,0
298,Mavididi,LEI,MID,5.3,2.2214,2.04593,1.88731,2.25959,1.7638,1.80552,1.99268
299,McAteer,LEI,MID,4.7,0.91455,0.87259,0.83839,0.95615,0.79717,0.80722,0.86506
300,Ndidi,LEI,MID,5,2.25673,2.10676,2.09799,2.29035,1.96103,1.90454,2.21152
301,Okoli,LEI,DEF,4,1.05249,1.36886,1.77004,1.6683,1.934,1.67473,1.91293
302,Ricardo,LEI,DEF,4.2,0,0,0,0,0,0,0
303,Souttar,LEI,DEF,4,0,0,0,0,0,0,0
304,Stolarczyk,LEI,GK,4,0,0,0,0,0,0,0
305,Thomas,LEI,DEF,3.9,0.4937,0.4834,0.5592,0.5011,0.58256,0.5043,0.5743
306,Vardy,LEI,FWD,5.5,2.414,2.34919,2.2289,2.57961,2.10507,2.18313,2.31886
307,Vestergaard,LEI,DEF,4,1.25865,1.23165,1.45341,1.27737,1.50772,1.28381,1.49346
308,Ward,LEI,GK,4,0.00659,0.00694,0.00814,0.00669,0.00988,0.00787,0.00843
309,Winks,LEI,MID,4.5,0.69885,1.36174,1.66186,2.16409,1.78169,1.85182,1.94317
310,A.Becker,LIV,GK,5.4,1.38431,2.65913,3.05045,4.24739,3.31725,4.02671,3.39463
311,Alexander-Arnold,LIV,DEF,6.9,3.7425,3.58657,3.84992,3.87338,4.34787,4.01495,3.76388
312,Bajcetic,LIV,MID,4.5,0,0,0,0,0,0,0
313,Bradley,LIV,DEF,4.7,0.60133,1.09997,1.47831,1.92233,1.89785,1.93625,1.70884
314,Carvalho,BRE,MID,4.8,1.37775,1.42449,1.31508,1.41276,1.32968,1.26727,1.54604
315,Clark,LIV,MID,4.5,0.0579,0.05973,0.06409,0.05918,0.06471,0.06065,0.06237
316,Darwin,LIV,FWD,7.1,1.71595,1.8216,1.92793,1.68531,2.1197,1.90593,1.89586
317,"Diogo J.",LIV,MID,7.2,0.70958,1.47339,2.10972,2.30577,2.77414,2.64342,2.30785
318,Doak,LIV,MID,4.5,0,0,0,0,0,0,0
319,Elliott,LIV,MID,5.2,1.34632,1.36335,1.53441,1.37874,1.76134,1.49918,1.49805
320,Endo,LIV,MID,4.7,1.18966,1.21575,1.26376,1.19948,1.40237,1.28152,1.23825
321,Gakpo,LIV,FWD,7.1,1.78989,1.94169,2.03196,1.80708,2.24306,2.05572,1.99601
322,Gomez,LIV,DEF,4.8,0.75492,0.65447,0.65343,0.78627,0.69238,0.72991,0.64493
323,Gravenberch,LIV,MID,5,2.6861,2.74859,2.68109,2.78292,2.90092,2.96365,2.64287
324,Jones,LIV,MID,5.3,1.88343,1.91697,2.22027,1.90958,2.45752,2.02699,2.17996
325,Kelleher,LIV,GK,4.5,2.80865,1.24737,0.28968,0.31387,0.24439,0.28517,0.2442
326,Konaté,LIV,DEF,5.3,0.20635,0.70549,1.44328,2.27282,2.21015,2.40004,2.12541
327,"Luis Díaz",LIV,MID,7.6,2.33054,2.35331,2.57701,2.42741,3.01988,2.67949,2.50935
328,M.Salah,LIV,MID,13.1,4.27397,4.45441,5.10245,4.80723,6.2613,5.40262,4.93968
329,"Mac Allister",LIV,MID,6.2,2.14098,2.17354,2.52519,2.20003,2.88175,2.38689,2.46864
330,McConnell,LIV,MID,4.4,0.00191,0.00194,0.00197,0.00193,0.00218,0.00208,0.00193
331,Morton,LIV,MID,4.4,0.01411,0.01436,0.01466,0.01428,0.01629,0.01535,0.01437
332,N.Phillips,LIV,DEF,4,0,0,0,0,0,0,0
333,Quansah,LIV,DEF,3.9,0.17858,0.15685,0.15763,0.18596,0.1689,0.17507,0.15542
334,R.Williams,LIV,DEF,4,0,0,0,0,0,0,0
335,Robertson,LIV,DEF,5.9,3.13277,2.95101,3.14108,3.23335,3.50969,3.27508,3.07684
336,Szoboszlai,LIV,MID,6.3,2.44963,2.49996,2.54585,2.54418,2.89924,2.75812,2.48991
337,Tsimikas,LIV,DEF,4.6,0.36313,0.66939,0.93649,1.15672,1.2079,1.17344,1.08226
338,"Van den Berg",BRE,DEF,4.1,2.46199,2.13736,2.46111,2.0416,2.26907,2.12852,2.16018
339,Virgil,LIV,DEF,6.4,2.86942,2.57101,2.57397,2.9626,2.71308,2.80416,2.54469
340,Akanji,MCI,DEF,5.4,1.97497,2.08957,1.94435,2.23679,1.93601,2.00005,2.0256
341,Aké,MCI,DEF,5.3,1.40672,1.53668,1.38665,1.64468,1.37644,1.47156,1.44133
342,Bernardo,MCI,MID,6.3,3.022,2.84742,2.90611,2.91891,3.0774,3.05612,3.26375
343,Bobb,MCI,MID,4.7,0,0.01936,0.5305,0.63662,0.67474,0.71582,0.73364
344,Carson,MCI,GK,4,0.00657,0.00749,0.00688,0.00837,0.00643,0.00677,0.00655
345,"De Bruyne",MCI,MID,9.4,3.42416,2.83109,3.17911,2.97088,3.4367,3.11242,3.82926
346,Doku,MCI,MID,6.3,1.20083,1.41724,1.69397,1.6793,1.89528,1.77136,2.00839
347,"Ederson M.",MCI,GK,5.5,2.83141,3.40145,2.9754,3.821,2.7657,3.06163,2.82872
348,Foden,MCI,MID,9.1,3.16659,2.77774,2.89655,2.8402,3.09149,2.97185,3.34594
349,Grealish,MCI,MID,6.4,2.00203,2.14684,1.88814,2.1693,2.0082,2.29583,2.09692
350,Gvardiol,MCI,DEF,6.2,3.05199,3.02143,2.985,3.20179,3.04127,2.96532,3.16914
351,Haaland,MCI,FWD,15,5.3916,4.30897,5.01468,4.0291,5.47427,4.66883,5.36691
352,J.Alvarez,MCI,FWD,7,0,0,0,0,0,0,0
353,"João Cancelo",MCI,DEF,5.3,0,0,0,0,0,0,0
354,Kovačić,MCI,MID,5.5,0,0,0.02277,1.77946,2.07613,2.17978,2.19722
355,Lewis,MCI,DEF,4.7,2.16028,2.34503,2.12259,2.53319,2.10639,2.24332,2.2339
356,"Matheus N.",MCI,MID,4.9,1.8096,1.69315,1.72093,1.70647,1.82781,1.80964,1.90844
357,McAtee,MCI,MID,4.7,0.10924,0.10005,0.10487,0.09881,0.11052,0.10486,0.11347
358,"Ortega Moreno",MCI,GK,5.2,0.1927,0.20385,0.20199,0.23059,0.18855,0.18234,0.19226
359,Phillips,IPS,MID,4.9,0.8568,1.12361,1.24415,1.29286,1.15831,1.22913,1.24956
360,Rodrigo,MCI,MID,6.3,0,0,0,0,0,0,0
361,Rúben,MCI,DEF,5.4,2.21994,2.38819,2.19235,2.57175,2.16713,2.26971,2.2767
362,Stones,MCI,DEF,5.3,1.7231,1.85129,1.68591,1.97311,1.69477,1.79297,1.77267
363,Walker,MCI,DEF,5.2,2.51677,2.66684,2.46195,2.82223,2.48589,2.61014,2.59345
364,Amad,MUN,MID,4.9,1.98699,2.1122,2.09118,2.19081,2.40801,2.13063,2.01879
365,Antony,MUN,MID,5.7,0.25406,0.30728,0.261,0.32017,0.30161,0.30883,0.25396
366,B.Fernandes,MUN,MID,8.5,2.89223,4.09496,3.00749,4.34721,3.68906,4.14399,2.79095
367,Bayindir,MUN,GK,4.3,0.28862,0.20151,0.2886,0.20882,0.23612,0.22842,0.31284
368,Casemiro,MUN,MID,4.8,2.06073,2.42466,2.11031,2.5047,2.39149,2.43336,2.0584
369,Dalot,MUN,DEF,5.2,3.15884,2.84959,3.18466,2.93637,3.07564,2.92121,3.08424
370,Eriksen,MUN,MID,5.4,1.78469,1.96934,1.84017,2.03643,2.16827,1.97539,1.7605
371,Evans,MUN,DEF,4.4,1.90638,1.46675,1.90479,1.51665,1.69531,1.53628,1.84682
372,Garnacho,MUN,MID,6.4,2.08218,2.41218,2.14217,2.48721,2.42608,2.42251,2.08463
373,Hannibal,MUN,MID,4.5,0,0,0,0,0,0,0
374,Heaton,MUN,GK,4,0.009,0.00657,0.009,0.00681,0.00724,0.00746,0.00981
375,Højlund,MUN,FWD,6.9,1.99199,2.44269,2.04831,2.47537,2.51237,2.39025,2.02712
376,Lindelof,MUN,DEF,4.3,0.57156,0.93356,1.56709,1.43294,1.63845,1.52487,1.78462
377,Maguire,MUN,DEF,4.9,0.54474,0.89475,1.49686,1.37922,1.56568,1.46502,1.69649
378,Mainoo,MUN,MID,5.2,1.6859,1.88267,1.72177,1.93398,1.94256,1.88727,1.68675
379,Malacia,MUN,DEF,4.4,0.76019,0.63938,0.76318,0.66162,0.69585,0.66427,0.73672
380,Martinez,MUN,DEF,4.4,2.51359,2.0755,2.52443,2.15069,2.2834,2.16308,2.43413
381,McTominay,MUN,MID,4.9,1.6773,1.94995,1.67231,1.98659,1.89458,2.02634,1.71314
382,Mount,MUN,MID,6.3,1.01509,1.27213,1.04152,1.33159,1.28741,1.27238,0.98147
383,Onana,MUN,GK,5.2,4.70914,3.19871,4.70818,3.31598,3.8759,3.62487,5.09267
384,Pellistri,MUN,MID,5,0.03437,0.04062,0.03429,0.04047,0.03954,0.04179,0.03575
385,Rashford,MUN,MID,6.9,1.96617,2.41297,2.0362,2.50351,2.28952,2.43135,1.99098
386,Sancho,CHE,MID,6.2,2.01509,1.68554,1.9515,1.62458,1.88398,1.70534,1.70248
387,Shaw,MUN,DEF,4.9,2.6786,2.36725,2.6984,2.45459,2.54309,2.44519,2.59841
388,Wan-Bissaka,WHU,DEF,4.4,2.49141,2.48061,2.59439,2.39269,2.53487,2.45432,2.89807
389,Zirkzee,MUN,FWD,6.6,1.61425,2.15172,1.67682,2.18902,2.13757,2.1004,1.64724
390,A.Murphy,NEW,DEF,4,0.00766,0.00914,0.00774,0.00747,0.00743,0.00823,0.00909
391,Almirón,NEW,MID,5.5,0.50486,0.52991,0.61662,0.48852,0.54337,0.52266,0.50604
392,Barnes,NEW,MID,6.3,1.9538,2.15451,2.46057,2.0247,2.14961,2.10768,2.04052
393,Botman,NEW,DEF,4.4,0,0,0,0,0,0,0
394,"Bruno G.",NEW,MID,6.1,2.74532,2.83256,3.30948,2.67487,2.94847,2.75077,2.67839
395,Burn,NEW,DEF,4.4,2.07676,2.40706,2.14084,2.02717,2.04352,2.2056,2.38823
396,Dúbravka,NEW,GK,4.2,0.21712,0.25072,0.20074,0.19987,0.19117,0.25679,0.2626
397,Fraser,SOU,MID,4.8,1.12217,1.13453,1.13888,1.13515,1.22902,1.14878,1.1852
398,Gordon,NEW,MID,7.2,2.44374,2.68207,3.17724,2.55839,2.74966,2.58243,2.50599
399,Hall,NEW,DEF,4.4,2.50074,2.94737,2.70702,2.49882,2.51271,2.7271,2.8838
400,Hayden,NEW,MID,4.5,0.00065,0.00071,0.00077,0.00065,0.00069,0.0007,0.00068
401,Isak,NEW,FWD,8.5,2.2318,2.74321,3.96782,2.97027,3.59204,3.12462,2.87889
402,J.Murphy,NEW,MID,5,1.55323,1.71229,1.97193,1.61909,1.73181,1.67971,1.6268
403,Joelinton,NEW,MID,6,2.20689,2.47328,2.55459,2.3157,2.30831,2.42503,2.35832
404,Kelly,NEW,DEF,4.3,1.08931,1.29639,1.10986,1.07094,1.0623,1.18011,1.28855
405,Krafth,NEW,DEF,4.4,0,0,0,0,0,0,0
406,Kuol,NEW,MID,4.5,0.00065,0.00071,0.00077,0.00065,0.00069,0.0007,0.00068
407,Lascelles,NEW,DEF,4.5,0,0,0,0,0,0,0
408,Lewis,NEW,DEF,4,0,0,0,0,0,0,0
409,Livramento,NEW,DEF,4.5,2.21771,2.57799,2.25485,2.15113,2.16314,2.3482,2.56143
410,Longstaff,NEW,MID,4.7,1.90741,2.02222,2.27991,1.87771,2.03106,1.98592,1.92677
411,Miley,NEW,MID,5,0.01246,0.01341,0.01477,0.01252,0.01325,0.0132,0.01282
412,Odysseas,NEW,GK,4.3,0.00748,0.00865,0.00694,0.00697,0.00662,0.00885,0.00904
413,Pope,NEW,GK,5,3.79413,4.04648,3.53917,3.24785,3.38764,4.14056,4.23164
414,Ruddy,NEW,GK,4,0.00742,0.00808,0.00687,0.0064,0.00656,0.00828,0.00847
415,Schär,NEW,DEF,5.4,2.31186,2.71924,2.3909,2.293,2.27776,2.49048,2.6893
416,Targett,NEW,DEF,4,0.01705,0.02028,0.01726,0.01659,0.01654,0.01828,0.02017
417,Tonali,NEW,MID,5.5,1.62517,1.81437,1.99336,1.68173,1.76217,1.78772,1.72741
418,Trippier,NEW,DEF,5.6,2.23682,2.40363,2.69433,2.10373,2.3815,2.28018,2.31353
419,White,NEW,MID,4.5,0,0,0,0,0,0,0
420,Willock,NEW,MID,4.8,1.52689,1.74181,1.84854,1.58735,1.61664,1.68699,1.62552
421,Wilson,NEW,FWD,6.9,1.62429,1.72367,2.08572,1.67061,1.80098,1.76388,1.60016
422,Aina,NFO,DEF,4.9,3.10483,2.93587,2.81281,3.13243,2.86827,2.73974,2.9578
423,Anderson,NFO,MID,5,1.87634,2.02837,2.52948,2.08137,2.51668,1.98278,2.15273
424,Awoniyi,NFO,FWD,5.6,1.00576,1.22628,1.17203,1.20462,1.15642,1.22897,1.32956
425,Boly,NFO,DEF,4.3,0.18331,0.16596,0.1508,0.18087,0.15518,0.15221,0.16557
426,Bowler,NFO,MID,4.5,0,0,0,0,0,0,0
427,C.Miguel,NFO,GK,4.2,0.28897,0.26753,0.2016,0.2616,0.2231,0.24269,0.23642
428,"Da Silva Moreira",NFO,MID,4.4,0.17728,0.19406,0.18697,0.1963,0.18808,0.18844,0.20338
429,Danilo,NFO,MID,4.7,0,0,0,0,0,0,0
430,Dennis,NFO,FWD,4.9,0.00136,0.00163,0.00155,0.0016,0.00152,0.00162,0.00175
431,Dominguez,NFO,MID,4.8,1.51289,1.62165,1.61337,1.61885,1.62372,1.58934,1.66579
432,Elanga,NFO,MID,5.1,2.04087,2.16148,2.18911,2.17815,2.1648,2.00902,2.26611
433,Gibbs-White,NFO,MID,6.3,1.9341,2.10256,2.22458,2.16602,2.18741,1.97581,2.25785
434,Hudson-Odoi,NFO,MID,5.4,2.24833,2.39888,2.3816,2.43421,2.37486,2.321,2.50884
435,Mighten,NFO,MID,4.5,0,0,0,0,0,0,0
436,Murillo,NFO,DEF,4.6,3.14618,2.97071,2.73151,3.16748,2.79112,2.77494,2.98841
437,N.Williams,NFO,DEF,4.3,1.90982,1.67026,1.46259,1.85938,1.51791,1.50299,1.65761
438,O.Richards,NFO,DEF,4.5,0,0,0,0,0,0,0
439,O'Brien,NFO,MID,5,0,0,0,0,0,0,0
440,Omobamidele,NFO,DEF,4.3,0.04241,0.0382,0.03501,0.04183,0.036,0.03488,0.03818
441,Panzo,NFO,DEF,4,0,0,0,0,0,0,0
442,Sangaré,NFO,MID,4.4,0,0,0,0,0,0,0
443,Sels,NFO,GK,4.7,4.442,4.10523,3.11106,4.01377,3.45034,3.71061,3.61748
444,Toffolo,NFO,DEF,4.3,0.11011,0.09599,0.08592,0.10665,0.08895,0.08655,0.09502
445,Turner,CRY,GK,4,0.19042,0.22962,0.23577,0.19963,0.24028,0.1764,0.20116
446,Ui-jo,NFO,FWD,4.5,0.01469,0.01957,0.01766,0.01934,0.01827,0.01927,0.02083
447,Wood,NFO,FWD,6.6,2.34293,2.70975,2.72044,2.68275,2.69732,2.72713,2.88787
448,Worrall,NFO,DEF,4.5,0.01245,0.01109,0.01012,0.01098,0.01048,0.01009,0.0108
449,Yates,NFO,MID,4.9,1.81658,1.93664,1.97914,1.93544,1.99018,1.90087,1.98618
450,Alcaraz,SOU,MID,4.9,0,0,0,0,0,0,0
451,Amo-Ameyaw,SOU,MID,4.4,0.02135,0.02199,0.02177,0.02207,0.02328,0.02224,0.02255
452,Aribo,SOU,MID,4.9,1.91977,2.03553,1.95957,2.04587,2.07397,2.05432,2.01885
453,Armstrong,SOU,FWD,5.1,1.65777,1.60161,1.65029,1.60892,1.79144,1.62672,1.7529
454,Bazunu,SOU,GK,4.3,0,0,0,0,0,0,0
455,Bednarek,SOU,DEF,4,0.02337,2.01036,2.01481,2.24762,2.05227,2.21389,2.02346
456,Bella-Kotchap,SOU,DEF,3.9,0.00242,0.00281,0.00243,0.00261,0.00237,0.00256,0.0023
457,Bree,SOU,DEF,3.9,0.24388,0.2844,0.24402,0.26366,0.23812,0.25858,0.23068
458,Charles,SOU,MID,4.5,0,0,0,0,0,0,0
459,Edozie,SOU,MID,4.9,0,0,0,0,0,0,0
460,Edwards,SOU,DEF,3.9,0.0785,0.09112,0.07858,0.08462,0.07692,0.08302,0.07449
461,Harwood-Bellis,SOU,DEF,4.1,0,2.35548,2.03446,2.18976,1.99004,2.1468,1.92673
462,Kamaldeen,SOU,MID,5,0.8339,0.83076,0.84139,0.82836,0.9005,0.83643,0.86996
463,Lallana,SOU,MID,5,0,0.01404,0.8566,1.04962,1.12221,1.11265,1.13133
464,Larios,SOU,DEF,4,0,0,0,0,0,0,0
465,Lis,SOU,GK,4,0.00718,0.00823,0.00726,0.00744,0.00701,0.00818,0.00696
466,Lumley,SOU,GK,4,0.00688,0.00836,0.00729,0.00804,0.00656,0.00747,0.00652
467,Manning,SOU,DEF,4.3,1.71995,1.93317,1.72412,1.8204,1.72094,1.78562,1.66141
468,Mara,SOU,FWD,5,0.51988,0.56109,0.54005,0.53571,0.58148,0.54593,0.55171
469,McCarthy,SOU,GK,4.3,3.31605,4.16659,3.47287,1.17961,0.5022,0.59423,0.49917
470,Onuachu,SOU,FWD,4.9,0.67945,0.96372,1.0527,1.18694,1.24684,1.206,1.21901
471,Smallbone,SOU,MID,5,0,0,0,0,0,0,0
472,Stephens,SOU,DEF,4,1.97508,2.28569,1.98024,2.13414,1.9517,2.10108,1.8934
473,Stewart,SOU,FWD,4.5,0,0,0,0,0,0,0
474,Sugawara,SOU,DEF,4.5,2.35779,2.67282,2.36928,2.52029,2.37796,2.46007,2.28227
475,Taylor,SOU,DEF,3.9,0.54288,0.6134,0.54407,0.57288,0.53635,0.56377,0.52042
476,Walker-Peters,SOU,DEF,4.4,2.39476,2.63968,2.40474,2.4933,2.41237,2.45385,2.33517
477,Wood,SOU,DEF,4,0.0439,0.05096,0.04395,0.04733,0.04301,0.04643,0.04166
478,A.Phillips,TOT,DEF,4,0,0,0,0,0,0,0
479,Austin,TOT,GK,4,0.00806,0.00687,0.00879,0.00742,0.00714,0.00665,0.00746
480,Bentancur,TOT,MID,5,0,0,0,0,1.56508,1.72922,1.63205
481,Bergvall,TOT,MID,4.4,0.58504,0.56663,0.66937,0.53939,0.58391,0.64557,0.6021
482,Bissouma,TOT,MID,4.9,1.65204,1.6802,1.83924,1.63226,1.66073,1.86204,1.7676
483,Bryan,TOT,MID,5,0,0,0,0,0,0,0
484,Davies,TOT,DEF,4.3,0.90522,0.85206,0.87285,0.84955,0.87891,0.84509,0.84907
485,Devine,TOT,MID,4.5,0,0,0,0,0,0,0
486,Dragusin,TOT,DEF,4.3,1.61017,1.5494,1.57054,1.53694,1.56718,1.5611,1.5547
487,E.Royal,TOT,DEF,4.5,0,0,0,0,0,0,0
488,Forster,TOT,GK,4.3,4.08093,3.29657,4.42981,3.55656,3.64676,3.1954,3.57864
489,Gray,TOT,MID,4.7,0.50889,0.50146,0.58071,0.479,0.51134,0.56685,0.53091
490,Højbjerg,TOT,MID,5,0,0,0,0,0,0,0
491,Johnson,TOT,MID,6.7,2.901,3.06472,3.5238,2.93117,3.09706,3.46329,3.24833
492,Kulusevski,TOT,MID,6.3,3.02428,3.05183,3.54689,2.89007,3.13299,3.43531,3.21497
493,"Lo Celso",TOT,MID,4.9,0.93196,0.97426,1.01213,0.90118,0.95791,1.04231,1.0285
494,Maddison,TOT,MID,7.6,2.96429,3.19338,3.5643,2.95582,3.0724,3.65106,3.37076
495,"Pedro Porro",TOT,DEF,5.6,3.26309,3.17486,3.41431,3.06955,3.20961,3.37831,3.25656
496,Reguilón,TOT,DEF,4.2,0.14362,0.13475,0.14632,0.13204,0.14038,0.1404,0.13724
497,Richarlison,TOT,FWD,6.8,0,0,0,0,0.01699,0.01963,1.39621
498,Romero,TOT,DEF,5,0.93405,1.90344,2.58625,2.65041,2.76511,2.93667,2.85592
499,P.M.Sarr,TOT,MID,4.8,1.75733,1.70868,1.98942,1.63478,1.76134,1.91639,1.80129
500,Scarlett,TOT,FWD,4.5,0,0,0,0,0,0,0
501,Skipp,LEI,MID,4.8,1.14642,1.09575,1.07237,1.1822,1.02179,1.0189,1.09545
502,Solomon,TOT,MID,5.4,0,0,0,0,0,0,0
503,Son,TOT,MID,9.9,3.54874,4.26477,4.17073,3.87757,3.59901,4.85341,4.46099
504,Spence,TOT,DEF,4.4,1.31942,1.26696,1.29076,1.25259,1.28121,1.28333,1.27379
505,Udogie,TOT,DEF,4.9,2.74681,2.64515,2.76495,2.5984,2.68771,2.736,2.68444
506,"Van de Ven",TOT,DEF,4.6,0,0.0263,1.93691,2.16074,2.22908,2.30308,2.27918
507,Veliz,TOT,FWD,5,0,0,0,0,0,0,0
508,Vicario,TOT,GK,5,0,0,0,0,0,0,0
509,Werner,TOT,MID,6.2,2.10748,2.21239,2.5443,2.1067,2.21903,2.52704,2.35673
510,Whiteman,TOT,GK,4,0.00806,0.00686,0.00879,0.00742,0.00714,0.00664,0.00746
511,Álvarez,WHU,MID,5,1.49837,1.47166,1.38362,1.35837,1.54721,1.27604,1.31393
512,Antonio,WHU,FWD,5.4,2.30541,2.31685,2.09073,2.1519,2.42235,1.95235,1.86923
513,Areola,WHU,GK,4.3,1.43571,1.33721,1.69361,1.38764,1.84056,1.49261,1.88144
514,Bowen,WHU,MID,7.4,3.16287,3.66678,2.92445,3.27115,3.35179,2.94757,2.75938
515,Cornet,SOU,MID,4.7,0.12173,0.12278,0.1242,0.12325,0.13369,0.12423,0.12885
516,Coufal,WHU,DEF,4.3,1.54982,1.65803,1.6205,1.57921,1.58437,1.59982,1.82683
517,Cresswell,WHU,DEF,4,0.43209,0.4306,0.46196,0.41465,0.4396,0.43456,0.53928
518,Downes,SOU,MID,4.8,0,1.97831,2.04869,1.98128,2.18565,1.98025,2.10816
519,Earthy,WHU,MID,4.5,0,0,0,0,0,0,0
520,Emerson,WHU,DEF,4.4,2.2565,2.32253,2.37144,2.22589,2.30363,2.28339,2.69157
521,Fabianski,WHU,GK,4.1,1.96496,1.92105,2.35182,1.99671,2.57222,2.15418,2.63358
522,Foderingham,WHU,GK,4.3,0.00835,0.00773,0.00985,0.00802,0.01071,0.00863,0.01095
523,Ings,WHU,FWD,5,1.31303,1.29535,1.13895,1.16599,1.38816,1.01311,0.96764
524,Kilman,WHU,DEF,4.5,2.67699,2.5884,2.74753,2.49519,2.71775,2.54747,3.02063
525,Kudus,WHU,MID,6.2,1.63283,1.99098,1.51899,1.80113,1.72396,1.63916,1.44271
526,L.Guilherme,WHU,MID,4.7,0.40235,0.4131,0.37348,0.37989,0.42172,0.35364,0.3543
527,L.Paquetá,WHU,MID,5.8,2.64866,2.88205,2.47952,2.63429,2.79423,2.42529,2.36286
528,Mavropanos,WHU,DEF,4.4,0.90088,1.19659,1.40336,1.35568,1.43334,1.39846,1.67507
529,N.Aguerd,WHU,DEF,4.4,0,0,0,0,0,0,0
530,Souček,WHU,MID,4.9,1.9886,2.13991,1.84762,1.95656,2.06751,1.80998,1.76042
531,Ward-Prowse,NFO,MID,6.2,1.3367,1.45476,1.47852,1.50522,1.46634,1.38843,1.56439
532,Zouma,WHU,DEF,4.4,0,0,0,0,0,0,0
533,Aït-Nouri,WOL,DEF,4.9,2.25944,2.51547,2.21962,2.34015,2.19782,2.66873,2.23478
534,B.Traore,WOL,MID,4.8,0,0,0,0,0,0,0
535,Bellegarde,WOL,MID,5,1.68784,1.83131,1.82254,1.89773,1.77647,1.75395,1.8459
536,Bentley,WOL,GK,4,0.00767,0.00783,0.00597,0.00695,0.00708,0.00872,0.00675
537,Chiquinho,WOL,MID,4.5,0,0,0,0,0,0,0
538,Chirewa,WOL,MID,4.5,0,0,0,0,0,0,0
539,Chiwome,WOL,FWD,4.5,0.00871,0.00923,0.0086,0.00973,0.00827,0.00792,0.00872
540,Cundle,WOL,MID,4.5,0.00165,0.00177,0.00171,0.0018,0.00165,0.00164,0.00172
541,Cunha,WOL,FWD,7.1,2.78958,2.847,3.01361,2.94101,2.91027,2.47558,3.04415
542,Dawson,WOL,DEF,4.4,1.88006,2.06419,1.84002,1.92522,1.85144,2.21298,1.8724
543,Doherty,WOL,DEF,4.3,0.77643,0.87781,0.75971,0.79611,0.76351,0.96526,0.77146
544,Doyle,WOL,MID,4.8,0.9883,1.04233,0.97618,1.0692,0.96776,0.97997,1.00233
545,"Fábio Silva",WOL,FWD,5,0,0,0,0,0,0,0
546,Fraser,WOL,FWD,4.5,0,0,0,0,0,0,0
547,Gonzalez,WOL,MID,4.4,0,0,0,0,0,0,0
548,Guedes,WOL,MID,5.3,1.43183,1.61568,1.70509,1.67129,1.59935,1.51425,1.6923
549,H.Bueno,WOL,DEF,4.5,0,0,0,0,0,0,0
550,"Hee Chan",WOL,MID,6.1,1.86385,2.03868,1.88425,2.03728,1.80002,1.87017,1.88085
551,Hodge,WOL,MID,4.5,0,0,0,0,0,0,0
552,Hoever,WOL,DEF,4,0,0,0,0,0,0,0
553,J.Gomes,WOL,MID,4.9,2.17095,2.26548,2.23154,2.28713,2.18136,2.13482,2.24837
554,"José Sá",WOL,GK,4.3,2.77752,2.83578,2.21017,2.53794,2.58143,3.13383,2.47282
555,Kalajdžić,WOL,FWD,4.8,0,0,0,0,0,0,0
556,King,WOL,GK,4,0.00746,0.00762,0.00582,0.00677,0.00688,0.00847,0.00657
557,"Mario Jr.",WOL,MID,5,2.36218,2.44373,2.41808,2.4111,2.32162,2.24561,2.4002
558,Mosquera,WOL,DEF,3.9,0,0,0,0,0,0,0
559,N.Semedo,WOL,DEF,4.5,0,2.38384,2.12037,2.1988,2.10549,2.55172,2.13624
560,Neto,CHE,MID,6.2,1.1765,1.32126,1.80645,1.51002,1.83957,1.52997,1.57364
561,"Pedro Lima",WOL,DEF,4,0.01555,0.01748,0.01515,0.01597,0.01514,0.01902,0.01532
562,Podence,WOL,MID,5.5,1.53218,1.61808,1.57806,1.63537,1.68892,1.53191,1.67007
563,R.Gomes,WOL,MID,5.2,1.30047,1.4102,1.41098,1.41939,1.33552,1.29999,1.39995
564,S.Bueno,WOL,DEF,4.3,1.40004,1.55127,1.3707,1.43754,1.36637,1.66389,1.38223
565,Sarabia,WOL,MID,5.1,0.96061,1.08001,1.13207,1.07551,1.0416,0.98596,1.10083
566,"Strand Larsen",WOL,FWD,5.6,2.18599,2.26733,2.25307,2.33096,2.17708,2.02539,2.2577
567,Toti,WOL,DEF,4.3,2.13538,2.3599,2.13985,2.18959,2.13955,2.53779,2.16876
568,Muric,IPS,GK,4.4,3.42416,3.44517,3.86569,3.75542,4.69754,3.47061,4.24843
569,Jaden,AVL,MID,5.3,1.28033,1.32888,1.14634,1.07007,1.10919,1.23128,1.44433
570,A.Fatawu,LEI,MID,5.3,0,0,0,0,0,0,0
571,Sávio,MCI,MID,6.5,2.73036,2.31254,2.56184,2.38666,2.74346,2.50174,2.98835
572,Yoro,MUN,DEF,4.3,0.1805,0.31342,0.49686,0.48141,0.53297,0.50877,0.56427
573,Milenković,NFO,DEF,4.5,2.74263,2.51659,2.33823,2.73782,2.39139,2.3095,2.53762
574,Pivas,NEW,DEF,4,0,0,0,0,0,0,0
575,Wiley,CHE,DEF,4,0,0,0,0,0,0,0
576,Irving,WHU,MID,4.8,0.98872,1.03349,0.90164,0.9359,1.03182,0.86196,0.84904
577,Lindstrøm,EVE,MID,5.1,2.0883,1.7218,1.60452,1.83534,1.65781,1.91625,1.75109
578,Calafiori,ARS,DEF,5.8,2.91953,3.01622,3.00198,2.96584,3.02183,3.22785,2.94475
579,Sessegnon,FUL,DEF,4.2,0.00284,0.00382,0.00485,0.00432,0.00511,0.00458,0.0044
580,Huijsen,BOU,DEF,4.3,1.68104,1.63123,1.67755,1.78156,1.62803,1.79712,1.57888
581,Jørgensen,CHE,GK,4.2,0.28348,0.27364,0.20035,0.243,0.20971,0.21133,0.24389
582,O'Brien,EVE,DEF,4.6,0.11219,0.10595,0.12138,0.1082,0.1223,0.10625,0.11125
583,Townsend,IPS,DEF,4,0.23342,0.24285,0.26236,0.24632,0.30344,0.24712,0.26731
584,"Brereton Díaz",SOU,MID,5,1.07948,1.06113,1.0933,1.0622,1.17626,1.06343,1.12672
585,I.Sarr,CRY,MID,5.7,2.43662,2.37254,2.52608,2.43526,2.53876,2.93926,2.71539
586,J.Cuenca,FUL,DEF,4.4,0.26437,0.32251,0.36896,0.32424,0.38886,0.34556,0.34199
587,Summerville,WHU,MID,5.7,1.72236,1.878,1.56786,1.67809,1.82515,1.51779,1.47031
588,G.Rodríguez,WHU,MID,4.8,1.85492,1.98302,1.73817,1.85256,1.92205,1.75017,1.66334
589,Füllkrug,WHU,FWD,6.7,0.02626,2.24958,2.09569,2.28179,2.51973,2.06903,1.87022
590,Osula,NEW,FWD,5,0.37757,0.45352,0.50996,0.43836,0.43041,0.4672,0.41738
591,Todibo,WHU,DEF,4.3,2.25791,2.26276,2.3226,2.15925,2.30813,2.18728,2.57056
592,J.Araujo,BOU,DEF,4.4,0,0,0,0,0,0,0
593,"De Ligt",MUN,DEF,5,2.88554,2.52889,2.90802,2.61646,2.77757,2.60654,2.81207
594,Mazraoui,MUN,DEF,4.7,2.65337,2.36157,2.66484,2.43884,2.46058,2.43715,2.57149
595,Gruda,BHA,MID,5.4,0.59498,0.8368,0.93483,0.9829,0.95318,0.92706,0.8499
596,"Jota Silva",NFO,MID,5.9,1.6797,1.93068,2.05976,2.07215,2.06606,1.90391,2.15938
597,Lewis-Skelly,ARS,MID,4.5,0.16235,0.16545,0.17336,0.16819,0.16709,0.16947,0.16039
598,Bogarde,AVL,DEF,4,0.5772,0.55173,0.62137,0.60942,0.68942,0.5826,0.6132
599,Dennis,BOU,GK,4,0.00756,0.00665,0.0068,0.0086,0.00703,0.00836,0.00668
600,Ayari,BHA,MID,5,1.92907,2.01977,2.00674,2.00222,1.94535,1.90681,1.7723
601,Moran,BHA,MID,5,0,0,0,0,0,0,0
602,Trevitt,BRE,MID,4.5,0.05681,0.05868,0.05486,0.05856,0.05544,0.05413,0.0633
603,Armstrong,EVE,MID,4.5,0.05513,0.04656,0.04545,0.04873,0.04638,0.05151,0.04907
604,King,FUL,MID,4.5,0.00031,0.00029,0.00028,0.00032,0.00029,0.00032,0.00031
605,Godo,FUL,MID,4.5,0.01684,0.01588,0.01536,0.01771,0.01621,0.01773,0.01707
606,Alves,LEI,MID,4.5,0.01436,0.01358,0.0131,0.01484,0.01239,0.01244,0.01354
607,O’Reilly,MCI,MID,4.9,0.02704,0.02608,0.02595,0.02595,0.02736,0.02748,0.02811
608,Dibling,SOU,MID,4.5,0,1.56439,1.58671,1.56,1.70427,1.56853,1.63613
609,Lankshear,TOT,FWD,4.5,0.01415,0.01297,0.0173,0.01214,0.01442,0.01564,0.01418
610,Moore,TOT,MID,4.5,0,0.01647,0.65626,0.66605,0.70189,0.82232,0.77344
611,Szmodics,IPS,MID,5.8,2.19375,2.20188,2.1603,2.14025,1.84789,2.04206,2.04053
612,Odobert,TOT,MID,5.3,0,0,0,0,0,0,0
613,Collyer,MUN,MID,4.5,0.0402,0.04488,0.04103,0.04612,0.04666,0.04497,0.0403
614,Metcalfe,EVE,MID,4.5,0,0,0,0,0,0,0
615,Rushworth,BHA,GK,4,0,0,0,0,0,0,0
616,Nelson,LEI,DEF,4,0,0,0,0,0,0,0
617,Evanilson,BOU,FWD,6,2.38978,2.35215,2.58996,2.44663,2.65361,2.4265,2.62428
618,Georginio,BHA,MID,5.6,2.23136,2.32034,2.27693,2.31816,2.21113,2.18583,1.95986
619,Cajuste,IPS,MID,4.5,1.64131,1.61876,1.63271,1.58361,1.43518,1.50464,1.55457
620,Sosa,NFO,MID,5.5,1.3765,1.51984,1.47976,1.5544,1.46864,1.43078,1.62594
621,"João Félix",CHE,MID,6.1,1.01566,0.8643,0.97225,0.84763,0.94144,0.85633,0.88227
622,Berge,FUL,MID,5,1.74797,1.67089,1.67334,1.81226,1.75369,1.81393,1.75863
623,M.Fernandes,SOU,MID,5,2.11121,2.12172,2.1535,2.13801,2.30371,2.12684,2.21907
624,Begovic,EVE,GK,4,0.19978,0.22314,0.27064,0.20638,0.27053,0.19744,0.24229
625,Gündogan,MCI,MID,6.5,2.41387,2.32817,2.29786,2.36753,2.42824,2.48204,2.55191
626,Kaboré,MCI,DEF,4.5,0,0,0,0,0,0,0
627,Dixon,EVE,DEF,4,0.04819,0.04831,0.0588,0.04846,0.0588,0.04603,0.0509
628,F.Kadıoğlu,BHA,DEF,4.5,0.56555,1.09522,1.41285,1.75101,1.65538,1.93833,1.68468
629,O'Riley,BHA,MID,5.5,1.87857,2.00781,2.1041,2.0449,2.06036,1.93097,1.80724
630,O'Shea,IPS,DEF,4,2.23236,2.30179,2.41194,2.32285,2.71122,2.32065,2.44435
631,J.Clarke,IPS,MID,5.5,2.01858,2.02103,1.92753,1.91911,1.57921,1.81773,1.7849
632,Ogbene,IPS,MID,4.9,0,0,0,0,0,0,0
633,Merino,ARS,MID,6,1.08482,1.46969,1.73582,1.72153,1.85811,1.80089,1.69425
634,G.Nunes,BRE,MID,4.9,0.02125,0.71202,0.79029,0.8992,0.84361,0.82136,0.98382
635,"El Khannouss",LEI,MID,4.9,1.40281,1.3336,1.29776,1.46439,1.22752,1.22933,1.35243
636,Chiesa,LIV,MID,6.8,0.41205,0.85721,1.24595,1.31195,1.72474,1.52475,1.42659
637,Meupiyou,WOL,DEF,4,0.27871,0.41609,0.40307,0.4474,0.42397,0.53262,0.42913
638,"Oulad M'hand",ARS,MID,4.5,0.01856,0.01891,0.01964,0.01909,0.01917,0.01934,0.0184
639,Setford,ARS,GK,4.5,0.00757,0.00936,0.00709,0.00874,0.00644,0.00939,0.0092
640,Swinkels,AVL,DEF,4,0.03515,0.03366,0.03771,0.037,0.04177,0.03546,0.03737
641,Zych,AVL,GK,4,0.00651,0.00604,0.00714,0.00781,0.00808,0.0069,0.00687
642,André,WOL,MID,5,1.43754,1.50884,1.52419,1.53235,1.48672,1.41464,1.54073
643,Casey,WHU,DEF,4,0.01625,0.02166,0.02564,0.02453,0.02584,0.02554,0.03122
644,Umeh-Chibueze,CRY,MID,4.5,8.0E-5,0.0003,0.00065,0.00084,0.00097,0.0011,0.00101
645,Devenny,CRY,MID,4.5,1.05304,1.04548,1.08576,1.07089,1.0963,1.19165,1.1086
646,Agbinone,CRY,MID,4.5,0.3288,0.32343,0.34612,0.33544,0.3497,0.37393,0.34355
647,Rodney,CRY,MID,4.5,0.00076,0.00075,0.00079,0.00077,0.0008,0.00086,0.00079
648,Wheatley,MUN,FWD,4.5,0.03754,0.04778,0.03911,0.04857,0.05195,0.04631,0.03847
649,Meghoma,BRE,DEF,4,0.04244,0.0365,0.0424,0.03472,0.0388,0.03629,0.03684
650,Lacroix,CRY,DEF,4.5,2.26664,2.27832,2.43095,2.27861,2.41729,2.21274,2.31847
651,Mangala,EVE,MID,5,2.05844,1.79913,1.7932,1.83649,1.82441,1.92134,1.90971
652,Ugarte,MUN,MID,4.9,1.34824,1.69027,1.36624,1.7302,1.55277,1.68658,1.34014
653,Morato,NFO,DEF,4.5,1.42814,1.28464,1.18574,1.41028,1.21863,1.16701,1.28606
654,C.Soler,WHU,MID,5,1.63882,1.80714,1.59427,1.69556,1.81513,1.5692,1.5276
655,Forbs,WOL,MID,5.5,0.92596,1.01664,0.97106,1.00672,0.90752,0.90907,0.95868
656,Young,AVL,MID,4.5,0.02746,0.02816,0.02635,0.02453,0.02583,0.02677,0.02981
657,Kacurri,ARS,DEF,4,0.02763,0.03164,0.02704,0.03104,0.02766,0.03479,0.03115
658,Heaven,ARS,DEF,4,0.02763,0.03164,0.02704,0.03104,0.02766,0.03479,0.03115
659,Kabia,ARS,MID,4.5,0.02401,0.02439,0.02541,0.02462,0.0248,0.02493,0.02373
660,Jaros,LIV,GK,4,0.01196,0.01103,0.01009,0.01255,0.01017,0.01127,0.01017
661,Yogane,BRE,MID,4.5,0.03891,0.04004,0.03757,0.03994,0.03798,0.0368,0.04331
662,Nichols,ARS,DEF,4,0.04678,0.05375,0.04576,0.05273,0.04682,0.0591,0.05291
663,Samuels,BHA,DEF,4,0.0688,0.06318,0.06058,0.06913,0.06056,0.07408,0.06335
664,Pond,WOL,DEF,3.9,0.43237,0.48713,0.41966,0.44473,0.41955,0.5308,0.42466
665,Butler-Oyedeji,ARS,FWD,4.5,0.04453,0.04644,0.04914,0.04717,0.04635,0.04597,0.04481
666,Kporha,CRY,DEF,4,0.38041,0.39144,0.41689,0.38906,0.41333,0.35592,0.39214
667,Fletcher,MUN,MID,4.5,0.0934,0.1051,0.0955,0.10819,0.10896,0.10536,0.09353
668,Cahill,BHA,GK,3.9,0.01132,0.00954,0.00947,0.01072,0.00911,0.01176,0.00953
669,Davies,LIV,GK,4,0.00818,0.00756,0.00693,0.00857,0.00698,0.00772,0.00698
670,Amass,MUN,DEF,4,0.02287,0.01801,0.02289,0.0187,0.02003,0.01892,0.02204
671,Wright,MCI,MID,4.5,0.00271,0.00266,0.0026,0.00263,0.00275,0.00282,0.00281
672,Simpson-Pusey,MCI,DEF,4,0.87494,0.96651,0.86337,1.06046,0.84697,0.90677,0.90407
673,Fitzgerald,MUN,MID,4.5,0.16966,0.19121,0.17358,0.19692,0.19836,0.1917,0.16985
674,Maghoma,BRE,MID,4.5,0.17582,0.18102,0.16963,0.18057,0.17156,0.16575,0.19591
675,Wilson-Esbrand,MCI,DEF,4,0.2699,0.29803,0.26621,0.32661,0.26129,0.2799,0.27874
676,Marsh,CRY,FWD,4.5,0.14226,0.12203,0.14327,0.12912,0.14533,0.16031,0.13329
677,Scarles,WHU,DEF,4,0.00203,0.00205,0.00215,0.00196,0.00207,0.00204,0.00248
678,Bates,EVE,MID,4.5,0.38238,0.32364,0.31643,0.33944,0.32378,0.35744,0.34208
679,Broggio,AVL,MID,4.5,0.3954,0.40614,0.37924,0.35152,0.37091,0.38549,0.43111
680,Kinsey,BOU,DEF,4,0.0026,0.00251,0.00256,0.00277,0.00248,0.00279,0.0024
681,McConville,BHA,DEF,4,0.45744,0.42148,0.40688,0.46027,0.40618,0.49182,0.42228
682,Edozie,WOL,MID,4.5,0.32414,0.34811,0.33735,0.35318,0.32526,0.32318,0.33958
683,Olusesi,TOT,MID,4.5,0.3311,0.32928,0.37563,0.31375,0.33195,0.37106,0.34765
684,Hardy,TOT,DEF,4,0.51221,0.49055,0.49326,0.48756,0.49595,0.49139,0.49111
685,Slater,BHA,DEF,4,0.64196,0.59189,0.57076,0.64612,0.56971,0.68998,0.59191
686,Mayers,WHU,DEF,4,0.63391,0.64076,0.67078,0.61457,0.64622,0.63646,0.77208
687,Winterburn,BOU,MID,4.5,0.46337,0.43805,0.49626,0.47068,0.49764,0.46681,0.48561
