ID,Name,Team,Pos,Price,18_pts,19_pts,20_pts,21_pts,22_pts,23_pts,24_pts,25_pts
1,"Fábio Vieira",ARS,MID,5.4,0,0,0,0,0,0,0,0
2,G.Jesus,ARS,FWD,6.8,1.7987,1.63125,1.6629,1.72867,1.79794,1.83106,1.64224,1.91167
3,Gabriel,ARS,DEF,6.3,2.736,3.08498,2.87613,2.8376,2.76339,2.91544,2.78091,2.90182
4,Havertz,ARS,FWD,7.9,2.74605,2.47317,2.4802,2.64273,2.71928,2.65234,2.55078,2.72071
5,Hein,ARS,GK,4,0,0,0,0,0,0,0,0
6,J.Timber,ARS,DEF,5.7,2.77464,3.0955,2.86342,2.82839,2.78007,2.92548,2.74691,2.89179
7,Jorginho,ARS,MID,4.7,1.05321,1.05844,1.03653,1.04512,1.05123,1.10307,1.00148,1.14005
8,Kiwior,ARS,DEF,4.8,1.02824,1.2324,1.11516,1.08843,1.04371,1.11515,1.06963,1.08685
9,Martinelli,ARS,MID,6.7,2.44607,2.3829,2.35651,2.48328,2.56668,2.54914,2.34978,2.55503
10,Nelson,FUL,MID,5,0,0,0,0,0,0,0,1.54087
11,Nketiah,CRY,FWD,5.9,1.61832,1.84402,1.50454,1.85212,1.74171,1.74306,1.64691,1.7853
12,Nwaneri,ARS,MID,4.5,1.23932,1.23676,1.21691,1.24264,1.24704,1.29541,1.19164,1.34426
13,Ødegaard,ARS,MID,8.3,3.75577,3.73528,3.61504,3.6068,3.77299,3.94456,3.38468,3.89115
14,Ramsdale,SOU,GK,4.4,3.16467,3.72067,3.11771,4.10225,3.59769,3.57009,3.16096,3.28061
15,Raya,ARS,GK,5.6,3.05731,4.21215,4.1167,3.76342,3.36573,3.81765,3.88739,3.67818
16,Rice,ARS,MID,6.2,3.04555,3.09217,2.98297,2.90745,3.00625,3.23236,2.75284,3.22195
17,Saka,ARS,MID,10.5,0,0,0,0,0,0,0,0
18,Saliba,ARS,DEF,6.3,3.22522,3.50981,3.2941,3.24141,3.19472,3.40228,3.15172,3.42508
19,"Smith Rowe",FUL,MID,5.4,1.19619,1.70897,1.88496,2.03258,2.08523,1.90551,1.89684,2.01635
20,Thomas,ARS,MID,5,2.32308,2.22476,2.19931,2.29742,2.33102,2.32564,2.21075,2.36558
21,Tierney,ARS,DEF,4.3,0.02228,0.0262,0.02396,0.02325,0.02252,0.02412,0.02279,0.02358
22,Tomiyasu,ARS,DEF,4.8,0,0,0,0,0,0,0,0
23,Trossard,ARS,MID,6.8,2.44822,2.29928,2.23198,2.36508,2.4679,2.42373,2.20688,2.43152
24,White,ARS,DEF,6.1,0,0,0,0,0,0,0,0
25,Zinchenko,ARS,DEF,4.8,1.03379,1.47872,1.52988,1.65977,1.62265,1.63824,1.61646,1.62941
26,"Alex Moreno",NFO,DEF,4.4,1.44834,1.34845,1.45309,1.46845,1.34394,1.4087,1.3991,1.4395
27,Archer,SOU,FWD,5,2.12765,2.05345,2.12473,1.97723,1.94006,2.00897,2.05009,2.07433
28,Bailey,AVL,MID,6.2,1.67001,2.06905,2.50867,1.69525,1.52489,2.28334,1.9359,2.18285
29,Barkley,AVL,MID,5.2,1.45247,1.55383,1.75762,1.48501,1.33262,1.64464,1.57824,1.58233
30,Barrenechea,AVL,MID,4.9,0,0,0,0,0,0,0,0
31,Buendia,AVL,MID,5.1,0.81173,0.84756,0.98436,0.8245,0.71673,0.90426,0.90351,0.86162
32,Cash,AVL,DEF,4.4,2.19938,1.8732,1.98579,1.87034,2.19359,1.91976,2.04473,1.85781
33,Dendoncker,AVL,MID,4.5,0,0,0,0,0,0,0,0
34,Diaby,AVL,MID,6.5,0,0,0,0,0,0,0,0
35,"Diego Carlos",AVL,DEF,4.5,0.96017,1.0791,1.25118,1.29117,1.51711,1.28977,1.37252,1.25479
36,Digne,AVL,DEF,4.7,2.89657,2.63172,2.88041,2.58509,2.82364,2.74339,2.83054,2.64572
37,Dobbin,AVL,MID,5,0,0,0,0,0,0,0,0
38,Duran,AVL,FWD,5.9,1.49504,1.77123,2.06849,1.78954,1.41264,1.94316,1.90375,1.87596
39,Gauci,AVL,GK,4,0.24999,0.20626,0.2014,0.22416,0.26316,0.19833,0.2171,0.17601
40,Hause,AVL,DEF,3.9,4.0E-5,3.0E-5,3.0E-5,3.0E-5,4.0E-5,3.0E-5,3.0E-5,3.0E-5
41,"Iling Jr",AVL,MID,5.4,0,0,0,0,0,0,0,0
42,Kamara,AVL,MID,5,1.84259,1.86318,2.03699,1.89623,1.72383,1.93706,1.9576,1.87583
43,Kesler-Hayden,AVL,DEF,4,0,0,0,0,0,0,0,0
44,Konsa,AVL,DEF,4.4,2.96471,2.83002,2.99583,2.68333,2.94442,2.89636,2.80277,2.8103
45,Maatsen,AVL,DEF,4.6,1.59109,1.37714,1.50522,1.36906,1.571,1.43519,1.51075,1.37907
46,Marschall,AVL,GK,4,0,0,0,0,0,0,0,0
47,Martinez,AVL,GK,5,4.36713,3.36267,3.28678,3.95719,4.57356,3.23764,3.8509,2.88436
48,McGinn,AVL,MID,5.2,2.31675,2.59386,3.00415,2.37405,2.16464,2.7896,2.64519,2.68874
49,Mings,AVL,DEF,4.4,0.35787,0.30939,0.32619,0.31197,0.35787,0.3167,0.33487,0.30739
50,Nedeljkovic,AVL,DEF,3.9,0.04496,0.03714,0.03875,0.03786,0.04547,0.03782,0.04072,0.03664
51,Olsen,AVL,GK,4.5,0.01275,0.00991,0.00969,0.01149,0.01339,0.00953,0.01116,0.00844
52,Pau,AVL,DEF,4.4,2.67181,2.34798,2.44306,2.36238,2.67869,2.38667,2.49113,2.32443
53,Ramsey,AVL,MID,5.4,0.02323,1.7848,2.31948,2.02801,1.83444,2.21615,2.3032,2.16008
54,Rogers,AVL,MID,5.4,2.44858,2.84741,3.2935,2.52414,2.31582,3.0862,2.77882,2.9804
55,Sinisalo,AVL,GK,4,0,0,0,0,0,0,0,0
56,Sousa,AVL,DEF,4,0,0,0,0,0,0,0,0
57,Tielemans,AVL,MID,5.5,2.87881,2.96102,3.42966,2.99111,2.74173,3.21459,3.30299,3.1059
58,Watkins,AVL,FWD,8.9,2.49331,3.04898,3.41182,2.61434,2.15794,3.1951,2.75377,3.09607
59,Aarons,BOU,DEF,4.3,0.16429,0.18196,0.15778,0.19803,0.19801,0.16661,0.17928,0.17544
60,Adams,BOU,MID,4.9,1.68528,1.58373,1.70072,1.5364,1.56041,1.7076,1.57443,1.79999
61,Anthony,BOU,MID,4.5,0,0,0,0,0,0,0,0
62,Brooks,BOU,MID,4.9,1.47543,1.39997,1.50357,1.34131,1.36405,1.51171,1.35928,1.68255
63,Christie,BOU,MID,4.9,2.76669,2.55247,2.80887,2.44866,2.46265,2.80482,2.59868,2.99009
64,Cook,BOU,MID,5,2.35963,2.34485,2.40164,2.26228,2.27724,2.40489,2.2276,2.74808
65,"Enes Ünal",BOU,FWD,5.4,1.59849,1.46599,1.66951,1.32141,1.34996,1.62301,1.34023,1.86967
66,Faivre,BOU,MID,5,0,0,0,0,0,0,0,0
67,H.Traorè,BOU,MID,4.5,0,0,0,0,0,0,0,0
68,Hill,BOU,DEF,3.9,0.65932,0.74042,0.62801,0.81641,0.81642,0.6693,0.73037,0.70412
69,Jebbison,BOU,FWD,4.5,0,0,0,0,0,0,0,0
70,Kerkez,BOU,DEF,4.7,2.69208,2.60156,2.64135,2.76431,2.76995,2.72824,2.7409,2.62433
71,Kluivert,BOU,MID,5.5,2.2896,2.60127,2.44684,2.52423,2.51655,2.46638,2.26044,3.38208
72,Mepham,BOU,DEF,4.4,0,0,0,0,0,0,0,0
73,Neto,ARS,GK,4.2,0.17745,0.25936,0.25334,0.22229,0.19702,0.23433,0.2302,0.22552
74,O.Dango,BOU,MID,5,2.152,2.18905,2.25963,2.15214,2.16648,2.28316,2.10792,2.6536
75,Paulsen,BOU,GK,4,0,0,0,0,0,0,0,0
76,Philip,BOU,MID,4.8,1.34964,1.25528,1.3193,1.18095,1.1968,1.325,1.19481,1.49567
77,Scott,BOU,MID,4.7,0,0,0,0,0,0,0,0
78,Semenyo,BOU,MID,5.6,2.60856,2.16532,2.66884,2.10599,2.12463,2.67912,2.47328,2.5141
79,Senesi,BOU,DEF,4.7,0,0,0,0,0,0,0,0
80,Sinisterra,BOU,MID,4.8,0,0,0,0,0,0,0,0
81,Smith,BOU,DEF,4.5,2.09795,2.23477,2.02039,2.43876,2.4391,2.12738,2.26542,2.14262
82,Solanke,TOT,FWD,7.5,2.77874,3.24401,3.11674,2.42735,2.89852,3.48584,2.8154,3.10825
83,Tavernier,BOU,MID,5.4,0,0,0,0,0,0,0,0
84,Travers,BOU,GK,4.4,0.20352,0.24921,0.19105,0.26752,0.26526,0.20206,0.23147,0.26863
85,Zabarnyi,BOU,DEF,4.4,2.54209,2.79221,2.4711,2.96164,2.97563,2.57204,2.67777,2.75994
86,Ajer,BRE,DEF,4.4,0,0,0,0,0,0,0,0
87,Brierley,BRE,MID,4.4,3.0E-5,3.0E-5,3.0E-5,3.0E-5,3.0E-5,3.0E-5,3.0E-5,3.0E-5
88,Collins,BRE,DEF,4.6,2.67694,2.5872,2.62749,2.56891,2.65772,2.70144,2.61134,2.71972
89,Damsgaard,BRE,MID,5,2.35514,2.35663,2.78699,2.45957,2.51945,2.45503,2.60373,2.49829
90,Dasilva,BRE,MID,4.8,0,0,0,0,0,0,0,0
91,Flekken,BRE,GK,4.5,4.32613,3.51415,4.59875,3.86455,3.86755,4.12579,3.74475,4.17877
92,Henry,BRE,DEF,4.3,0,0,0,0,0,0,0,0
93,Hickey,BRE,DEF,4.3,0,0,0,0,0,0,0,0
94,Janelt,BRE,MID,4.9,2.1854,2.13215,2.45222,2.1224,2.15304,2.14972,2.22145,2.1841
95,Jensen,BRE,MID,5.3,0.02402,1.72448,2.35833,2.02193,2.10579,2.16626,2.20356,2.2274
96,Ji-soo,BRE,DEF,3.9,3.0E-5,3.0E-5,3.0E-5,3.0E-5,3.0E-5,4.0E-5,3.0E-5,4.0E-5
97,Konak,BRE,MID,4.5,0.45522,0.4243,0.52981,0.42807,0.42785,0.47566,0.44699,0.48052
98,Lewis-Potter,BRE,MID,5,2.23121,2.14095,2.59998,2.20095,2.23976,2.29816,2.31411,2.33608
99,Mbeumo,BRE,MID,7.6,3.11771,3.22972,3.79222,3.42778,3.55603,3.23982,3.67456,3.32112
100,Mee,BRE,DEF,4.2,1.00062,0.95035,0.98047,0.94374,0.98387,1.01066,0.96051,1.01935
101,Nørgaard,BRE,MID,4.8,2.04039,2.00047,2.28471,2.02742,2.03737,2.09914,2.09772,2.11889
102,Onyeka,BRE,MID,4.9,0,0,0,0,0,0,0,0
103,Peart-Harris,BRE,MID,4.5,0,0,0,0,0,0,0,0
104,Pinnock,BRE,DEF,4.5,0,0,0,0,0,0,0,0
105,Roerslev,BRE,DEF,4.3,1.07715,1.36236,1.52524,1.58557,1.66945,1.68557,1.61139,1.70133
106,Schade,BRE,MID,5.1,1.91442,1.95733,2.25406,2.01175,2.07074,1.93541,2.15567,1.97268
107,Thiago,BRE,FWD,5.9,0,0,0,0,0,0,0,0
108,Toney,BRE,FWD,7.3,1.47573,1.47625,1.71466,1.46814,1.53443,1.51173,1.66011,1.52898
109,Valdimarsson,BRE,GK,3.9,0.23605,0.20677,0.2529,0.22863,0.22859,0.22338,0.22073,0.22667
110,Wissa,BRE,FWD,6.3,2.43601,2.54371,2.94746,2.62133,2.55191,2.55906,2.74077,2.58936
111,Yarmoliuk,BRE,MID,4.4,1.26195,1.2913,1.42379,1.30168,1.29697,1.31614,1.34274,1.32467
112,Zanka,BRE,DEF,4.5,0,0,0,0,0,0,0,0
113,Adingra,BHA,MID,5.2,1.31355,1.16997,1.15567,1.21234,1.21762,1.30876,1.18132,1.21951
114,Baker-Boaitey,BHA,MID,4.5,0,0,0,0,0,0,0,0
115,Baleba,BHA,MID,5,1.90563,1.71865,1.78804,1.76206,1.80056,1.94801,1.75852,1.8094
116,Barco,BHA,DEF,4,0,0,0,0,0,0,0,0
117,Buonanotte,LEI,MID,4.9,1.72785,1.72969,1.89232,1.88415,1.82973,2.09234,1.85104,1.65813
118,Cozier-Duberry,BHA,MID,4.5,0,0,0,0,0,0,0,0
119,Dahoud,BHA,MID,4.9,0.00822,0.00833,0.00726,0.00735,0.00805,0.00883,0.0082,0.0082
120,Dunk,BHA,DEF,4.4,2.29558,2.63009,2.35821,2.28331,2.52562,2.2166,2.41007,2.38072
121,Enciso,BHA,MID,5.4,0.90221,0.82913,0.77338,0.86315,0.86438,0.88377,0.83036,0.8063
122,Estupiñan,BHA,DEF,5.1,2.74667,2.87449,2.65559,2.5903,2.8083,2.67765,2.67377,2.74029
123,Ferguson,BHA,FWD,5.5,1.76966,1.56617,1.50589,1.77062,1.70329,1.82975,1.66892,1.5481
124,Gilmour,BHA,MID,5,1.90472,1.93845,1.72192,1.68986,1.88571,2.03741,1.91112,1.88806
125,Gross,BHA,MID,6.5,0,0,0,0,0,0,0,0
126,Hinshelwood,BHA,MID,4.9,0.17686,0.60906,1.29134,1.70552,1.88971,2.12525,1.90796,1.99533
127,I.Osman,BHA,MID,5,0,0,0,0,0,0,0,0
128,Igor,BHA,DEF,4.4,1.34367,1.53983,1.39173,1.30699,1.46653,1.29219,1.3956,1.40403
129,"João Pedro",BHA,FWD,5.9,2.79761,2.26832,2.39951,2.51228,2.42972,2.85689,2.38754,2.45374
130,Kozlowski,BHA,MID,4.5,0,0,0,0,0,0,0,0
131,Lamptey,BHA,DEF,4.4,1.74639,2.03149,1.78018,1.73057,1.93924,1.66924,1.83425,1.82079
132,March,BHA,MID,6.5,2.16217,2.52873,2.46821,2.8186,2.72886,2.88869,2.62079,2.71609
133,Mazilu,BHA,MID,4.5,0,0,0,0,0,0,0,0
134,Milner,BHA,MID,5,0.16296,0.59164,1.1621,1.64095,1.74434,1.81495,1.71946,1.68417
135,Minteh,BHA,MID,5.1,1.83557,1.68988,1.57962,1.8165,1.78119,1.84267,1.70682,1.70684
136,Mitoma,BHA,MID,6.5,3.15975,2.64211,2.64431,2.79103,2.72142,3.06787,2.62295,2.89356
137,Moder,BHA,MID,4.4,0.17131,0.15488,0.15376,0.15708,0.16171,0.17132,0.15706,0.15642
138,O’Mahony,BHA,FWD,4.5,0,0,0,0,0,0,0,0
139,Offiah,BHA,DEF,4,0,0,0,0,0,0,0,0
140,Peupion,BHA,MID,4.4,6.0E-5,5.0E-5,5.0E-5,6.0E-5,6.0E-5,6.0E-5,5.0E-5,5.0E-5
141,Sarmiento,BHA,MID,4.9,0,0,0,0,0,0,0,0
142,Steele,BHA,GK,4.2,0.192,0.27445,0.20287,0.2105,0.27025,0.18515,0.23829,0.21074
143,Undav,BHA,FWD,5.5,0,0,0,0,0,0,0,0
144,"Van Hecke",BHA,DEF,4.5,2.39434,2.78214,2.44672,2.44015,2.69119,2.31363,2.57478,2.4666
145,Veltman,BHA,DEF,4.5,1.98201,2.2557,2.0326,1.93774,2.16166,1.91082,2.06009,2.0465
146,Verbruggen,BHA,GK,4.5,3.08002,4.24877,3.2574,3.23963,4.18253,2.9727,3.67816,3.37711
147,Webster,BHA,DEF,4.3,0.24415,0.38205,0.38056,0.37843,0.42621,0.36525,0.40536,0.40364
148,Welbeck,BHA,FWD,5.7,0.14683,0.47048,1.00974,1.42848,1.54608,1.88212,1.60031,1.60856
149,Wieffer,BHA,MID,4.7,1.0239,1.22176,1.26156,1.37178,1.39466,1.44926,1.34819,1.32316
150,"Andrey Santos",CHE,MID,4.5,0,0,0,0,0,0,0,0
151,Ângelo,CHE,MID,4.5,0.01584,0.01372,0.01529,0.01575,0.01616,0.01368,0.01623,0.01455
152,Arrizabalaga,BOU,GK,4.5,3.16583,3.8804,2.97131,4.1657,4.13059,3.14296,3.60156,4.18279
153,B.Badiashile,CHE,DEF,4.3,0,0,0,0,0,0,0,0
154,Bergström,CHE,GK,3.9,0.0068,0.00626,0.00745,0.00686,0.00658,0.00881,0.00661,0.00787
155,Bettinelli,CHE,GK,3.9,0.0068,0.00626,0.00745,0.00686,0.00658,0.00881,0.00661,0.00787
156,Broja,EVE,FWD,5.4,1.11238,1.4045,1.26941,1.31293,1.2574,1.31668,1.52331,1.39841
157,Caicedo,CHE,MID,4.9,2.46505,2.58137,2.62002,2.55521,2.58359,2.42067,2.59538,2.5408
158,Casadei,CHE,MID,4.4,0.0217,0.02151,0.02266,0.02277,0.02288,0.02052,0.02293,0.02159
159,Chalobah,CRY,DEF,4.4,2.11256,1.95978,2.08351,2.14795,2.20404,2.04462,2.19106,1.98451
160,Chilwell,CHE,DEF,4.7,0.00389,0.00386,0.00421,0.00408,0.00408,0.00446,0.00408,0.00414
161,Chukwuemeka,CHE,MID,4.8,0.00441,0.00438,0.0045,0.00463,0.00469,0.00408,0.00472,0.00432
162,Colwill,CHE,DEF,4.6,2.28799,2.31208,2.53688,2.37425,2.35731,2.72183,2.3456,2.49983
163,Cucurella,CHE,DEF,5.2,1.77416,1.72688,1.91209,1.8566,1.8491,2.0769,1.84174,1.88336
164,D.D.Fofana,CHE,FWD,5.4,0.90738,0.77056,0.8144,0.89111,0.93044,0.67952,0.90999,0.79435
165,Deivid,CHE,FWD,4.9,0.0012,0.00127,0.00127,0.00124,0.00126,0.00104,0.00127,0.0012
166,Dewsbury-Hall,CHE,MID,5.5,0.40843,0.39473,0.40074,0.4344,0.44594,0.35875,0.45044,0.3847
167,Disasi,CHE,DEF,4.2,0.83074,0.82265,0.90839,0.86408,0.85821,0.99528,0.85368,0.89847
168,Enzo,CHE,MID,5.1,2.88075,3.23512,3.22871,3.03619,3.10788,2.95723,3.13568,3.1537
169,Gallagher,CHE,MID,5.9,2.32024,1.96547,2.07459,2.29398,2.3538,1.88226,2.43587,2.01596
170,Gilchrist,CHE,DEF,4,0,0,0,0,0,0,0,0
171,Gusto,CHE,DEF,4.9,2.2641,2.35069,2.57207,2.36525,2.36312,2.73223,2.35643,2.52426
172,James,CHE,DEF,4.8,0,0,0,0,0,0,0,0
173,Kellyman,CHE,MID,4.4,0,0,0,0,0,0,0,0
174,Lavia,CHE,MID,4.5,0.3271,0.65397,0.91294,1.05241,1.11639,0.9796,1.12033,1.02682
175,Lukaku,CHE,FWD,6.3,0,0,0,0,0,0,0,0
176,M.Sarr,CHE,DEF,4.5,0,0,0,0,0,0,0,0
177,Madueke,CHE,MID,6.3,2.4559,2.58028,2.53213,2.46498,2.54691,2.23853,2.57823,2.43798
178,"Marc Guiu",CHE,FWD,4.7,0.00805,0.00857,0.00857,0.00837,0.00849,0.00704,0.00856,0.00811
179,Mudryk,CHE,MID,6.2,0.76405,0.71625,0.73924,0.80717,0.82529,0.66986,0.83243,0.70889
180,N.Jackson,CHE,FWD,8.3,2.80604,2.59642,2.56927,2.80415,2.8387,2.18107,2.85847,2.43419
181,Nkunku,CHE,MID,5.8,1.73054,1.85286,1.85231,1.8002,1.85006,1.61876,1.86957,1.77982
182,Palmer,CHE,MID,11.3,5.59725,5.26378,4.80554,5.77353,6.14421,4.19366,6.28219,4.7381
183,Petrović,CHE,GK,4.4,0,0,0,0,0,0,0,0
184,"Renato Veiga",CHE,MID,4.5,0.4268,0.42271,0.45062,0.45215,0.45326,0.40451,0.45407,0.42693
185,Sánchez,CHE,GK,4.8,3.22431,3.54789,4.10856,3.25264,3.12105,4.75567,3.13598,4.30881
186,Sterling,ARS,MID,6.7,0,0,0,0,0,0,0,0
187,Tosin,CHE,DEF,4.2,1.27213,1.27458,1.42004,1.31899,1.30363,1.57507,1.29389,1.40686
188,Ugochukwu,SOU,MID,4.5,0.64073,0.64521,0.64294,0.61984,0.59872,0.62304,0.5993,0.63841
189,W.Fofana,CHE,DEF,4.4,0,0,0,0,0,0,0,0
190,Ahamada,CRY,MID,4.5,0,0,0,0,0,0,0,0
191,Andersen,FUL,DEF,4.2,2.64148,2.5458,2.44065,2.59428,2.55343,2.41455,2.65981,2.52469
192,J.Ayew,LEI,MID,5.2,1.49713,1.55602,1.58664,1.67589,1.62143,1.70752,1.61653,1.51395
193,C.Doucouré,CRY,MID,4.9,1.18483,1.29377,1.17734,1.33569,1.28528,1.28805,1.23488,1.28815
194,C.Richards,CRY,DEF,4.4,1.17722,1.05593,1.18786,1.15191,1.20991,1.12215,1.21763,1.07664
195,"Chadi Riad",CRY,DEF,4.3,0.94691,1.13987,1.398,1.48676,1.54324,1.41666,1.53884,1.3631
196,Clyne,CRY,DEF,4.3,1.42979,1.20386,1.37513,1.41891,1.4823,1.28909,1.4858,1.23169
197,Ebiowei,CRY,MID,4.5,0,0,0,0,0,0,0,0
198,Edouard,LEI,FWD,5.1,0.18406,0.19878,0.20312,0.2279,0.21629,0.22097,0.22417,0.19254
199,Eze,CRY,MID,6.6,1.79105,2.63082,2.66324,2.97417,2.91593,2.94504,2.79767,2.91036
200,Guéhi,CRY,DEF,4.5,2.55652,2.25143,2.43582,2.60311,2.67114,2.36444,2.65449,2.28555
201,Henderson,CRY,GK,4.4,4.16173,2.71857,3.31403,3.60335,3.89382,3.01687,4.22329,2.90958
202,Holding,CRY,DEF,4.3,0.00084,0.00076,0.00083,0.00084,0.00087,0.0008,0.00087,0.00077
203,Hughes,CRY,MID,4.9,1.95114,2.30071,2.11938,2.13166,2.06896,2.28801,1.99783,2.27856
204,Johnstone,WOL,GK,4.3,0.3232,0.41283,0.31864,0.41581,0.41949,0.33055,0.31201,0.47569
205,Kamada,CRY,MID,5.1,1.46717,1.55943,1.41667,1.64325,1.59176,1.54096,1.51656,1.53223
206,Lerma,CRY,MID,4.8,1.87405,2.06035,1.91093,2.06646,2.00514,2.05559,1.93574,2.05259
207,Mateta,CRY,FWD,7.2,2.38207,2.91838,2.48739,2.73783,2.60301,2.83656,2.48893,2.89391
208,M.França,CRY,MID,4.4,0.01673,0.01825,0.94701,1.28564,1.30821,1.30775,1.29051,1.34185
209,Matthews,CRY,GK,3.9,0.00812,0.00585,0.00711,0.00694,0.00755,0.00648,0.00825,0.00626
210,Mitchell,CRY,DEF,4.8,2.78607,2.64683,2.8107,2.83012,2.91275,2.75878,2.89025,2.67148
211,Muñoz,CRY,DEF,4.7,2.49019,2.29915,2.47544,2.54874,2.62917,2.41803,2.60497,2.33171
212,Ozoh,CRY,MID,4.5,0,0,0,0,0,0,0,0
213,Rak-Sakyi,CRY,MID,4.5,0,0,0,0,0,0,0,0
214,Schlupp,CRY,MID,4.7,0.83809,0.90826,0.8245,0.93874,0.90291,0.90098,0.86736,0.9013
215,Ward,CRY,DEF,4.3,0.01937,0.01647,0.01892,0.01902,0.01997,0.01765,0.02007,0.01684
216,Wharton,CRY,MID,4.7,0,0,0,1.66075,1.93316,2.00645,1.95539,2.13673
217,A.Doucoure,EVE,MID,5.1,2.19634,2.49572,2.23275,2.43579,2.38456,2.28882,2.71996,2.36419
218,Beto,EVE,FWD,5,0.85796,1.07066,0.95403,0.99365,0.95289,0.98427,1.14622,1.04261
219,Branthwaite,EVE,DEF,4.8,2.66727,2.1788,2.3244,2.18496,2.28418,2.36444,2.24121,2.37509
220,Calvert-Lewin,EVE,FWD,5.5,2.18895,2.65379,2.37294,2.51645,2.44186,2.42664,2.79802,2.53433
221,Coleman,EVE,DEF,4.3,0.99806,0.82952,0.87171,0.82785,0.86165,0.89063,0.86257,0.89768
222,Gana,EVE,MID,4.8,2.04172,2.20359,2.08432,2.12074,2.1154,2.12277,2.30836,2.19724
223,Garner,EVE,MID,4.9,0,0,0,0,0,0,0,0
224,Harrison,EVE,MID,5.2,1.87722,2.19465,1.91651,2.13122,2.08725,1.96551,2.39221,2.03709
225,Holgate,EVE,DEF,4,0,0,0,0,0,0,0,0
226,Iroegbunam,EVE,MID,4.4,0,0,0,0,0,0,0,0
227,J.Virginia,EVE,GK,3.9,0.00881,0.00665,0.00812,0.00652,0.00736,0.00787,0.00671,0.00745
228,Keane,EVE,DEF,4.1,0.63031,0.50412,0.54449,0.50447,0.52958,0.55539,0.52077,0.55939
229,Maupay,EVE,FWD,4.9,0.63204,0.51647,0.67611,0.66025,0.64739,0.65543,0.62518,0.72167
230,McNeil,EVE,MID,5.3,0.76125,1.80683,2.15193,2.71208,2.72266,2.6852,3.26119,2.75662
231,Mykolenko,EVE,DEF,4.3,2.79832,2.35752,2.46697,2.35443,2.44835,2.50722,2.4251,2.52228
232,Ndiaye,EVE,FWD,5.4,2.10598,2.62346,2.31668,2.50597,2.43275,2.37482,2.78746,2.47374
233,Onana,AVL,MID,4.9,1.89534,1.89163,2.06429,1.95162,1.77505,1.96423,2.00081,1.90283
234,Patterson,EVE,DEF,4.4,0.31333,0.24413,0.27019,0.24478,0.25727,0.27637,0.25349,0.27873
235,Pickford,EVE,GK,4.9,4.22989,3.31718,3.90349,3.25723,3.64977,3.78613,3.36345,3.58591
236,Tarkowski,EVE,DEF,4.8,3.09314,2.81523,2.83137,2.75897,2.82423,2.89515,2.94607,2.952
237,"Y. Chermiti",EVE,FWD,4.9,1.00338,1.26571,1.1443,1.17327,1.12147,1.18661,1.37026,1.26408
238,Young,EVE,DEF,4.7,0,2.30179,2.39352,2.27317,2.34736,2.44726,2.41607,2.49094
239,Adama,FUL,MID,4.7,2.05845,2.45378,2.50056,2.45898,2.51267,2.32065,2.17677,2.49386
240,Andreas,FUL,MID,5,1.76005,1.94931,1.95575,2.00298,2.04746,1.81116,1.77421,1.94392
241,Bassey,FUL,DEF,4.5,2.63206,2.29313,2.19089,2.48437,2.39353,2.18152,2.638,2.24155
242,Benda,FUL,GK,4,0.25219,0.20575,0.17601,0.22667,0.20831,0.20229,0.24999,0.19953
243,Cairney,FUL,MID,4.8,1.22291,1.48973,1.44609,1.34748,1.40491,1.37062,1.22863,1.48763
244,Castagne,FUL,DEF,4.2,2.11958,2.00005,1.92125,2.00728,1.92824,1.89697,2.12478,1.96377
245,Diop,FUL,DEF,4.4,2.21328,1.86264,1.77511,2.09285,2.01694,1.7674,2.21948,1.81598
246,Harris,FUL,MID,4.5,0,0,0,0,0,0,0,0
247,Iwobi,FUL,MID,5.8,2.87806,3.03883,3.0256,3.16137,3.22409,2.84895,2.86354,3.01938
248,Leno,FUL,GK,5,4.46481,3.71401,3.24437,4.06113,3.7707,3.65774,4.43005,3.61511
249,Lukić,FUL,MID,4.8,0.9929,1.4239,1.51746,1.61019,1.66734,1.53408,1.51091,1.6337
250,Mbabu,FUL,DEF,4,0.06635,0.05503,0.05109,0.06038,0.05659,0.0552,0.06793,0.05382
251,Muniz,FUL,FWD,5.5,1.5109,1.77076,1.74192,1.77558,1.89074,1.68526,1.53499,1.81691
252,Raúl,FUL,FWD,5.6,2.12271,2.45788,2.42205,2.45914,2.60694,2.35226,2.15932,2.51887
253,Ream,FUL,DEF,4.5,0,0,0,0,0,0,0,0
254,Reed,FUL,MID,4.7,0,0.01543,0.68605,0.88468,0.92207,0.85036,0.86335,0.94511
255,Robinson,FUL,DEF,4.9,3.22193,3.25563,3.14487,3.19559,3.1483,3.0563,3.21593,3.21671
256,Stansfield,FUL,FWD,5,0.5378,0.60448,0.50608,0.59285,0.62608,0.60615,0.51746,0.59755
257,Tete,FUL,DEF,4.5,0,0,0,0,0,0,0,1.61772
258,Vinicius,FUL,FWD,5,0.32882,0.37603,0.36847,0.39124,0.41954,0.35432,0.33157,0.38534
259,Wilson,FUL,MID,5.2,1.5079,1.65817,1.60564,1.63839,1.69833,1.54969,1.5197,1.66066
260,Al-Hamadi,IPS,FWD,4.8,0.68582,0.80911,0.93208,0.92062,0.81924,0.73715,1.06548,0.84676
261,Baggott,IPS,DEF,4,0,0,0,0,0,0,0,0
262,Broadhead,IPS,MID,4.9,0.74519,0.81596,0.82906,0.84247,0.80138,0.76063,0.88517,0.80679
263,Burgess,IPS,DEF,4,2.20641,1.93358,1.9982,1.82036,1.889,2.18778,1.69027,2.1534
264,Burns,IPS,MID,4.8,1.98492,2.00638,2.17676,2.01797,1.90961,1.94452,2.1062,2.09995
265,Chaplin,IPS,MID,5.1,1.68913,1.88523,1.94176,1.97437,1.87064,1.78548,2.05922,1.90495
266,H.Clarke,IPS,DEF,4,1.57958,1.34547,1.4038,1.25006,1.31012,1.56556,1.14031,1.53548
267,Davis,IPS,DEF,4.5,2.90837,2.82632,2.78536,2.75493,2.74176,2.90591,2.66926,2.9398
268,Delap,IPS,FWD,5.6,2.08164,2.40928,2.46032,2.56981,2.38637,2.11661,2.82931,2.29714
269,Edmundson,IPS,DEF,4,0,0,0,0,0,0,0,0
270,Greaves,IPS,DEF,3.9,0.61484,0.53393,0.55438,0.50123,0.52227,0.61037,0.46343,0.5996
271,Harness,IPS,MID,4.9,0,0,0,0,0,0,0,0
272,Hirst,IPS,FWD,5.4,0,0,0,1.33644,1.38849,1.22915,1.74478,1.41745
273,Humphreys,IPS,MID,4.5,0,0,0,0,0,0,0,0
274,Hutchinson,IPS,MID,5.2,1.99443,2.22924,2.18718,2.27965,2.14642,2.00641,2.3667,2.13451
275,Johnson,IPS,DEF,3.9,2.03065,1.75286,1.8287,1.64104,1.71044,2.0155,1.51086,1.98405
276,Ladapo,IPS,FWD,4.5,0,0,0,0,0,0,0,0
277,Luongo,IPS,MID,4.4,0.17444,0.1862,0.19223,0.19302,0.18605,0.17905,0.20369,0.18719
278,Morsy,IPS,MID,4.9,0,2.32208,2.20841,2.39038,2.29864,2.07158,2.48363,2.16586
279,Ndaba,IPS,DEF,4,0,0,0,0,0,0,0,0
280,Slicker,IPS,GK,4,0.00915,0.00745,0.00814,0.00717,0.00795,0.00995,0.00614,0.00876
281,Taylor,IPS,MID,4.8,1.24442,1.47929,1.35035,1.5115,1.41513,1.21629,1.60078,1.30718
282,Tuanzebe,IPS,DEF,4,0,0,0,0,0,0,0,0
283,Walton,IPS,GK,4.3,0.28028,0.21943,0.2514,0.21146,0.23371,0.30313,0.18177,0.26903
284,Woolfenden,IPS,DEF,4,0.22099,0.19109,0.19865,0.17902,0.18677,0.21933,0.16507,0.21537
285,B.Soumaré,LEI,MID,4.4,1.27745,1.32235,1.36473,1.44092,1.38149,1.47799,1.41774,1.30495
286,Cannon,LEI,FWD,4.5,0,0,0,0,0,0,0,0
287,Choudhury,LEI,MID,4.3,0.79756,0.8634,0.86508,0.95014,0.9181,0.93235,0.89819,0.85883
288,Coady,LEI,DEF,4,1.81823,1.55659,1.78994,1.4802,1.48693,1.87381,1.53386,1.57768
289,Daka,LEI,FWD,4.8,0.96668,1.05623,1.08597,1.22953,1.16257,1.19021,1.20998,1.02666
290,"De Cordova-Reid",LEI,MID,5.2,1.35402,1.42998,1.40833,1.54014,1.48049,1.51283,1.46698,1.39805
291,Faes,LEI,DEF,4,2.15694,1.84767,2.11909,1.75403,1.76275,2.21319,1.8234,1.87011
292,Golding,LEI,MID,4.4,0.02288,0.02391,0.02424,0.02591,0.02497,0.0261,0.02501,0.02346
293,Hermansen,LEI,GK,4.5,3.20736,3.24111,4.03917,3.16335,3.20972,4.18059,3.79761,3.307
294,Iversen,LEI,GK,3.9,1.44094,0.37333,0.25243,0.20158,0.20456,0.24882,0.22478,0.20735
295,Justin,LEI,DEF,4.3,2.67972,2.40778,2.66338,2.35065,2.34464,2.79069,2.34832,2.41673
296,Kristiansen,LEI,DEF,4.5,2.63675,2.35217,2.63625,2.3259,2.31074,2.77702,2.37745,2.35114
297,Marcal,LEI,MID,4.5,0,0,0,0,0,0,0,0
298,Mavididi,LEI,MID,5.2,1.79501,1.88302,1.91468,2.03908,1.98128,2.07833,1.91309,1.79596
299,McAteer,LEI,MID,4.7,1.08643,1.13796,1.13868,1.22414,1.18446,1.21288,1.177,1.12309
300,Ndidi,LEI,MID,5,0.02171,1.66772,2.03476,2.13527,2.07566,2.3086,2.13397,1.97743
301,Okoli,LEI,DEF,4,1.27244,1.09789,1.25061,1.04689,1.04962,1.30873,1.07436,1.11176
302,Ricardo,LEI,DEF,4.1,0,0,0,0,0,0,0,0
303,Souttar,LEI,DEF,4,0,0,0,0,0,0,0,0
304,Stolarczyk,LEI,GK,4,0.00953,0.00762,0.00839,0.0067,0.0068,0.00827,0.00747,0.00689
305,Thomas,LEI,DEF,3.9,0.2213,0.19144,0.21699,0.18214,0.18268,0.22691,0.18532,0.19391
306,Vardy,LEI,FWD,5.6,1.98004,2.14976,2.1027,2.36612,2.27801,2.24627,2.25358,2.08245
307,Vestergaard,LEI,DEF,4,2.08354,1.76668,2.04814,1.67835,1.68386,2.14762,1.75724,1.78907
308,Ward,LEI,GK,4,0.02749,0.02185,0.02416,0.01916,0.01945,0.02381,0.02148,0.01972
309,Winks,LEI,MID,4.5,1.73775,1.8776,1.84275,2.03522,1.97815,1.97444,1.8786,1.82616
310,A.Becker,LIV,GK,5.4,3.31032,3.95687,3.32058,3.77951,4.20081,2.90659,4.22179,3.24512
311,Alexander-Arnold,LIV,DEF,7.1,4.42342,4.06893,3.78267,3.75279,4.12672,3.9639,3.73099,4.11681
312,Bajcetic,LIV,MID,4.5,0,0,0,0,0,0,0,0
313,Bradley,LIV,DEF,4.7,0,0,0,0,0,0,0,0
314,Carvalho,BRE,MID,4.6,1.46227,1.36541,1.71678,1.39248,1.40466,1.52396,1.46166,1.54481
315,Clark,LIV,MID,4.5,0.05918,0.06471,0.06065,0.06237,0.06248,0.06177,0.04886,0.0609
316,Darwin,LIV,FWD,7.1,2.16955,1.89354,1.87681,1.74014,1.75406,1.93852,1.7073,1.98573
317,"Diogo J.",LIV,MID,7.2,2.73468,2.43522,2.14613,2.15741,2.36447,2.31807,2.11828,2.39478
318,Doak,LIV,MID,4.5,0,0,0,0,0,0,0,0
319,Elliott,LIV,MID,5.2,1.92416,1.60464,1.58795,1.46503,1.55489,1.68399,1.44636,1.74266
320,Endo,LIV,MID,4.6,0.5444,0.49566,0.47648,0.46373,0.47851,0.48957,0.46,0.50866
321,Gakpo,LIV,FWD,7.1,2.56518,2.15057,2.2093,2.01521,2.02247,2.28752,1.97861,2.34782
322,Gomez,LIV,DEF,4.9,1.66907,1.76735,1.56748,1.67976,1.91215,1.57727,1.70155,1.63886
323,Gravenberch,LIV,MID,5,2.59127,2.57544,2.30996,2.41284,2.51796,2.37114,2.38996,2.43654
324,Jones,LIV,MID,5.3,2.34227,1.96165,2.04732,1.84176,1.90438,2.12034,1.82687,2.18615
325,Kelleher,LIV,GK,4.4,0.22812,0.26949,0.22878,0.25742,0.28624,0.20035,0.28783,0.22362
326,Konaté,LIV,DEF,5.1,0,0,0,0,0,0,0,0
327,"Luis Díaz",LIV,MID,7.4,3.08147,2.7313,2.60472,2.55207,2.75018,2.82001,2.51437,2.89962
328,M.Salah,LIV,MID,13.5,6.79279,5.91696,5.60859,5.68956,6.34568,6.49551,5.57113,6.63878
329,"Mac Allister",LIV,MID,6.2,2.93901,2.41961,2.48396,2.24706,2.379,2.63728,2.21999,2.71262
330,McConnell,LIV,MID,4.4,0.00087,0.00081,0.00076,0.00076,0.00079,0.00078,0.00075,0.00081
331,Morton,LIV,MID,4.4,0.00612,0.00569,0.00532,0.0053,0.00552,0.0055,0.00524,0.0057
332,N.Phillips,LIV,DEF,4,0,0,0,0,0,0,0,0
333,Quansah,LIV,DEF,3.9,1.04613,1.08934,0.96412,1.03127,1.17549,0.98121,1.04265,1.01845
334,R.Williams,LIV,DEF,4,0,0,0,0,0,0,0,0
335,Robertson,LIV,DEF,5.9,3.52863,3.26988,3.05304,3.03995,3.36579,3.18185,3.03806,3.30338
336,Szoboszlai,LIV,MID,6.3,3.91513,4.11237,3.96147,4.19435,4.46614,4.30554,4.14253,4.38991
337,Tsimikas,LIV,DEF,4.6,0.73357,0.71309,0.65695,0.66992,0.7578,0.67526,0.67473,0.70146
338,"Van den Berg",BRE,DEF,4.1,0.02463,1.73735,2.02597,2.00157,2.16332,2.20673,2.13627,2.26432
339,Virgil,LIV,DEF,6.5,2.66846,2.77027,2.51356,2.65065,2.94546,2.5334,2.67677,2.61598
340,Akanji,MCI,DEF,5.3,2.13773,2.28859,2.24976,2.53723,2.13498,2.29417,2.51154,2.30813
341,Aké,MCI,DEF,5.3,1.82228,2.01395,1.91876,2.22705,1.87342,1.96815,2.20353,1.97581
342,Bernardo,MCI,MID,6.3,3.18555,3.06902,3.28327,2.96567,2.97996,2.9507,2.42158,3.11354
343,Bobb,MCI,MID,4.7,0,0,0,0,0,0,0,0
344,Carson,MCI,GK,4,0.00629,0.00694,0.00661,0.00807,0.00626,0.00714,0.00877,0.00747
345,"De Bruyne",MCI,MID,9.5,2.92575,2.68964,3.16885,2.6471,2.68599,2.76357,2.02607,2.93866
346,Doku,MCI,MID,6.2,2.34957,2.16919,2.44581,2.07129,2.05254,2.18438,1.75225,2.3175
347,"Ederson M.",MCI,GK,5.4,1.41113,1.62898,1.49467,1.91013,1.45866,1.62363,2.08565,1.70653
348,Foden,MCI,MID,9.1,2.93356,2.83252,3.06808,2.72504,2.74246,2.71007,2.19741,2.86811
349,Grealish,MCI,MID,6.4,2.06229,2.38308,2.19976,2.32839,2.31904,2.00756,1.94019,2.1261
350,Gvardiol,MCI,DEF,6,2.72467,2.74757,2.84358,2.95956,2.56987,2.78798,2.83944,2.85363
351,Haaland,MCI,FWD,14.8,5.249,4.4366,5.07496,3.89127,4.11599,4.39552,3.2581,4.79161
352,J.Alvarez,MCI,FWD,7,0,0,0,0,0,0,0,0
353,"João Cancelo",MCI,DEF,5.3,0,0,0,0,0,0,0,0
354,Kovačić,MCI,MID,5.4,2.19379,2.28536,2.19739,2.15038,2.12322,2.01041,1.88033,2.11882
355,Lewis,MCI,DEF,4.6,1.98426,2.20599,2.12423,2.48139,2.05631,2.17358,2.42839,2.18215
356,"Matheus N.",MCI,MID,4.9,1.10374,1.59124,1.6624,1.77648,1.76568,1.58606,1.49515,1.68094
357,McAtee,MCI,MID,4.6,0.25711,0.24922,0.26141,0.23451,0.22933,0.23946,0.20924,0.25313
358,"Ortega Moreno",MCI,GK,5.2,1.52178,1.57297,1.60328,1.85431,1.40316,1.73465,2.02773,1.81684
359,Phillips,IPS,MID,4.8,0.8085,0.8607,0.88059,0.88703,0.85536,0.8214,0.93347,0.85743
360,Rodrigo,MCI,MID,6.3,0,0,0,0,0,0,0,0
361,Rúben,MCI,DEF,5.4,0,0,0,0.02917,1.81494,2.24969,2.57946,2.32479
362,Stones,MCI,DEF,5.3,1.0743,1.56404,1.6754,2.01225,1.69637,1.77557,1.95438,1.80096
363,Walker,MCI,DEF,5.2,2.52826,2.74589,2.64725,2.96235,2.55912,2.63918,2.84782,2.68222
364,Amad,MUN,MID,5.4,2.90369,3.0163,2.5675,3.12229,3.02101,2.82854,3.05078,2.96965
365,Antony,MUN,MID,5.7,0.63093,0.64773,0.53849,0.66359,0.63239,0.59148,0.6466,0.62283
366,B.Fernandes,MUN,MID,8.4,4.24429,4.22237,3.03283,4.03617,3.92703,3.46275,3.87447,3.78615
367,Bayindir,MUN,GK,4.3,0.23602,0.22858,0.30449,0.1811,0.21076,0.25283,0.20546,0.26699
368,Casemiro,MUN,MID,4.8,0.97419,0.97545,0.84963,0.99493,0.95658,0.918,0.97483,0.95752
369,Dalot,MUN,DEF,5.1,3.01598,2.88447,3.05105,2.71611,2.77085,2.95367,2.79189,3.25246
370,Eriksen,MUN,MID,5.3,0.6354,0.58269,0.52717,0.59431,0.56985,0.58553,0.58222,0.62161
371,Evans,MUN,DEF,4.4,0.66764,0.61985,0.72992,0.54536,0.58632,0.6702,0.5824,0.75227
372,Garnacho,MUN,MID,6.1,2.10222,2.13849,1.86418,2.20258,2.12282,2.0276,2.16005,2.122
373,Hannibal,MUN,MID,4.5,0,0,0,0,0,0,0,0
374,Heaton,MUN,GK,4,0.00724,0.00747,0.00953,0.00589,0.00688,0.0078,0.0067,0.00827
375,Højlund,MUN,FWD,6.9,2.37323,2.25041,1.92767,2.4547,2.24441,2.19814,2.34128,2.2186
376,Lindelof,MUN,DEF,4.3,0.15512,0.57089,1.35989,1.38209,1.63572,1.89905,1.69137,2.14142
377,Maguire,MUN,DEF,4.9,2.0802,1.98928,2.27156,1.74486,1.87916,2.08179,1.86025,2.36175
378,Mainoo,MUN,MID,5.2,2.12534,2.16077,1.88948,2.22123,2.13255,2.03596,2.18341,2.1215
379,Malacia,MUN,DEF,4.4,1.10158,1.06924,1.17417,0.96097,1.01551,1.09329,1.01033,1.22891
380,Martinez,MUN,DEF,4.4,2.54306,2.44342,2.64308,2.2284,2.3239,2.49784,2.32234,2.78944
381,McTominay,MUN,MID,4.9,1.89458,2.02634,1.71314,1.87939,1.86898,1.78041,2.01479,1.77202
382,Mount,MUN,MID,6.3,0,0,0,0,0,0,0,0
383,Onana,MUN,GK,5.2,3.84674,3.64127,4.93301,2.88953,3.35882,4.11421,3.2741,4.33719
384,Pellistri,MUN,MID,5,0.03954,0.04179,0.03575,0.03817,0.03791,0.03786,0.0409,0.03752
385,Rashford,MUN,MID,6.7,1.44842,1.52519,1.27276,1.55444,1.49525,1.37166,1.52204,1.43186
386,Sancho,CHE,MID,6.2,2.73479,2.46755,2.41291,2.78351,2.87733,2.14237,2.91314,2.30742
387,Shaw,MUN,DEF,4.9,0,0,0,0,0,0,0,0
388,Wan-Bissaka,WHU,DEF,4.6,2.59805,2.5838,2.90906,2.40619,2.40267,2.80411,2.82843,2.41995
389,Zirkzee,MUN,FWD,6.6,2.06632,1.98549,1.59726,2.19771,1.98392,1.88143,2.07947,1.90955
390,A.Murphy,NEW,DEF,4,0.00287,0.00322,0.00358,0.00293,0.00296,0.00302,0.00283,0.00358
391,Almirón,NEW,MID,5.5,0.88581,0.83503,0.8599,0.92295,0.90966,0.94843,0.86538,0.7797
392,Barnes,NEW,MID,6.1,2.29221,2.33188,2.45576,2.47338,2.4128,2.82477,2.29221,2.17562
393,Botman,NEW,DEF,4.4,0.79333,1.7472,2.44358,2.26319,2.31392,2.30891,2.22713,2.60159
394,"Bruno G.",NEW,MID,6.1,3.17921,2.97151,3.10313,3.37416,3.29595,3.463,3.15833,2.81254
395,Burn,NEW,DEF,4.4,2.2176,2.42245,2.65512,2.26339,2.27591,2.31437,2.19024,2.6453
396,Dúbravka,NEW,GK,4.2,2.94087,3.96127,3.97097,1.12486,0.75616,0.98677,0.62402,0.28895
397,Fraser,SOU,MID,4.8,0.5968,0.58451,0.59531,0.56619,0.54754,0.57988,0.5562,0.59186
398,Gordon,NEW,MID,7.2,3.1934,2.9172,3.0924,3.4451,3.32838,3.55919,3.16013,2.7295
399,Hall,NEW,DEF,4.6,2.76156,2.92351,3.16118,2.83395,2.83216,2.98421,2.70677,3.032
400,Hayden,NEW,MID,4.4,0.00015,0.00015,0.00015,0.00015,0.00015,0.00017,0.00015,0.00014
401,Isak,NEW,FWD,9,4.66649,4.01557,4.03125,4.98798,4.93712,4.7445,4.77764,3.60958
402,J.Murphy,NEW,MID,4.9,2.45526,2.63514,2.80878,2.741,2.67175,3.25961,2.54752,2.50645
403,Joelinton,NEW,MID,6,1.61712,2.16464,2.3867,2.43644,2.40589,2.69132,2.31012,2.24504
404,Kelly,NEW,DEF,4.2,0.40162,0.45197,0.5001,0.41019,0.41433,0.42714,0.39749,0.4992
405,Krafth,NEW,DEF,4.3,0,0,0,0.26177,0.31642,0.3202,0.3209,0.40465
406,Kuol,NEW,MID,4.4,0.00015,0.00015,0.00015,0.00015,0.00015,0.00017,0.00015,0.00014
407,Lascelles,NEW,DEF,4.5,0,0,0,0,0,0.02479,0.80313,1.22018
408,Lewis,NEW,DEF,4,0,0,0,0,0,0,0,0
409,Livramento,NEW,DEF,4.5,2.18726,2.40388,2.64617,2.22784,2.24645,2.27444,2.16223,2.6443
410,Longstaff,NEW,MID,4.7,1.98075,1.91904,1.98019,2.07115,2.04525,2.18878,1.95434,1.80247
411,Miley,NEW,MID,5,0.52933,0.51162,0.52495,0.54464,0.53804,0.57796,0.51455,0.47678
412,Odysseas,NEW,GK,4.3,0.00658,0.00881,0.00884,0.00664,0.00692,0.00901,0.00685,0.00937
413,Pope,NEW,GK,4.9,0,0,0,2.03294,2.57228,3.09772,2.68828,4.30533
414,Ruddy,NEW,GK,4,0.00652,0.00825,0.00827,0.00658,0.00686,0.00843,0.0068,0.00881
415,Schär,NEW,DEF,5.4,2.29497,2.5366,2.78234,2.34406,2.35927,2.45132,2.26975,2.75552
416,Targett,NEW,DEF,4,0.00355,0.00397,0.00443,0.00363,0.00367,0.00373,0.00351,0.00443
417,Tonali,NEW,MID,5.5,1.81043,1.81146,1.87164,1.89345,1.87604,2.07536,1.7921,1.69483
418,Trippier,NEW,DEF,5.6,2.95352,2.83019,3.03735,3.09738,3.06919,3.07244,2.91481,2.83148
419,White,NEW,MID,4.5,0,0,0,0,0,0,0,0
420,Willock,NEW,MID,4.8,1.48125,1.53862,1.60257,1.56454,1.54964,1.81427,1.47437,1.4271
421,Wilson,NEW,FWD,6.9,0,0,0,0,0,0,0,0.83774
422,Aina,NFO,DEF,5,2.88592,2.76648,2.93147,2.88594,2.77379,2.82896,2.80832,2.88602
423,Anderson,NFO,MID,5,2.9478,2.31828,2.51685,2.79928,3.04868,2.25596,2.94232,2.31979
424,Awoniyi,NFO,FWD,5.5,1.09477,1.17058,1.25282,0.99011,1.28021,1.08909,1.12779,1.12466
425,Boly,NFO,DEF,4.2,0.4735,0.46709,0.49814,0.48482,0.42843,0.48731,0.45322,0.49702
426,Bowler,NFO,MID,4.5,0,0,0,0,0,0,0,0
427,C.Miguel,NFO,GK,4.2,0.22527,0.24283,0.23612,0.2331,0.18118,0.26245,0.21085,0.25295
428,"Da Silva Moreira",NFO,MID,4.4,0.23904,0.24209,0.25383,0.23013,0.25371,0.23283,0.23978,0.23876
429,Danilo,NFO,MID,4.7,0.1725,0.65597,1.41456,1.73566,1.99683,1.85921,1.95384,1.89693
430,Dennis,NFO,FWD,4.9,0.00036,0.00039,0.00042,0.00034,0.00042,0.00037,0.00038,0.00038
431,Dominguez,NFO,MID,4.8,0,1.58814,1.62647,1.54025,1.68447,1.51798,1.59648,1.5491
432,Elanga,NFO,MID,5.1,2.16697,2.039,2.26296,2.089,2.28622,2.02906,2.19717,2.09252
433,Gibbs-White,NFO,MID,6.3,2.81698,2.32616,2.59478,2.49964,2.75574,2.21789,2.6614,2.30284
434,Hudson-Odoi,NFO,MID,5.3,2.27831,2.24643,2.40603,2.21808,2.38447,2.21962,2.29996,2.27075
435,Mighten,NFO,MID,4.5,0,0,0,0,0,0,0,0
436,Murillo,NFO,DEF,4.6,2.73454,2.71759,2.86879,2.75137,2.58632,2.77809,2.64766,2.83225
437,N.Williams,NFO,DEF,4.3,1.65054,1.63941,1.77185,1.72212,1.42887,1.74447,1.5651,1.78086
438,O.Richards,NFO,DEF,4.5,0,0,0,0,0,0,0,0
439,O'Brien,NFO,MID,5,0,0,0,0,0,0,0,0
440,Omobamidele,NFO,DEF,4.3,0.01398,0.0136,0.0146,0.01431,0.01264,0.01425,0.01339,0.01454
441,Panzo,NFO,DEF,4,0,0,0,0,0,0,0,0
442,Sangaré,NFO,MID,4.4,0,0,0,0,0,0,0,0
443,Sels,NFO,GK,4.7,3.48155,3.71321,3.6125,3.60522,2.78466,4.02506,3.2537,3.87568
444,Toffolo,NFO,DEF,4.3,0.47923,0.46637,0.50226,0.49797,0.41153,0.49649,0.45213,0.50631
445,Turner,CRY,GK,4,0.24215,0.17181,0.20945,0.20679,0.22515,0.19065,0.246,0.18388
446,Ui-jo,NFO,FWD,4.5,0.01827,0.01927,0.02083,0.01632,0.01906,0.01934,0.01783,0.01844
447,Wood,NFO,FWD,6.6,2.58402,2.62033,2.74978,2.43453,2.90801,2.50382,2.65956,2.55834
448,Worrall,NFO,DEF,4.5,0.01048,0.01009,0.0108,0.01029,0.00954,0.01078,0.00999,0.01089
449,Yates,NFO,MID,4.9,1.99559,1.93078,1.97444,1.92922,2.08026,1.85994,1.98809,1.89285
450,Alcaraz,SOU,MID,4.9,0,0,0,0,0,0,0,0
451,Amo-Ameyaw,SOU,MID,4.4,0.22456,0.22038,0.22439,0.21368,0.20619,0.21834,0.21002,0.22304
452,Aribo,SOU,MID,4.9,2.43784,2.17248,2.32767,2.10841,2.04539,2.27254,2.10791,2.30794
453,Armstrong,SOU,FWD,5.1,1.98634,1.89504,1.99757,1.82475,1.78736,1.87928,1.89804,1.94603
454,Bazunu,SOU,GK,4.3,0,0,0,0,0,0,0,0.00275
455,Bednarek,SOU,DEF,4,1.93718,2.11795,1.89663,2.13379,2.0303,2.00184,1.90492,1.964
456,Bella-Kotchap,SOU,DEF,3.9,0.00092,0.001,0.0009,0.00101,0.00096,0.00096,0.00089,0.00094
457,Bree,SOU,DEF,3.9,0.98828,1.08222,0.96394,1.09518,1.03514,1.02985,0.95818,1.00526
458,Charles,SOU,MID,4.5,0,0,0,0,0,0,0,0
459,Edozie,SOU,MID,4.9,0,0,0,0,0,0,0,0
460,Edwards,SOU,DEF,3.9,0.23826,0.2613,0.23297,0.26434,0.24993,0.24849,0.23164,0.24277
461,Harwood-Bellis,SOU,DEF,4.1,2.0184,2.19888,1.97258,2.2245,2.11035,2.09865,1.96662,2.0515
462,Kamaldeen,SOU,MID,5,1.01063,0.9892,1.01601,0.96307,0.9324,0.99153,0.94397,1.01187
463,Lallana,SOU,MID,5,0.70334,0.69212,0.69729,0.66706,0.63903,0.67617,0.65863,0.69252
464,Larios,SOU,DEF,4,0,0,0,0.02717,0.03084,0.03078,0.03025,0.03279
465,Lis,SOU,GK,4,0.00701,0.00818,0.00696,0.00866,0.00729,0.00751,0.00613,0.00691
466,Lumley,SOU,GK,4,0.0066,0.00738,0.0065,0.00818,0.00712,0.00745,0.0062,0.00684
467,Manning,SOU,DEF,4.3,1.71525,1.78859,1.66572,1.7953,1.70658,1.7408,1.62763,1.71352
468,Mara,SOU,FWD,5,0.58148,0.54593,0.55171,0.55766,0.57983,0.56102,0.50293,0.56382
469,McCarthy,SOU,GK,4.3,0.21057,0.24479,0.20748,0.26994,0.23668,0.2373,0.20788,0.21822
470,Onuachu,SOU,FWD,4.9,1.26198,1.26031,1.25903,1.18674,1.15428,1.15091,1.25031,1.20995
471,Smallbone,SOU,MID,5,0.15663,0.60532,1.24102,1.61646,1.70892,1.81538,1.82617,1.84433
472,Stephens,SOU,DEF,4,1.28006,1.40832,1.25363,1.42012,1.34102,1.33053,1.24472,1.30362
473,Stewart,SOU,FWD,4.4,0,0,0,0.9457,1.0897,1.07297,1.2215,1.19313
474,Sugawara,SOU,DEF,4.3,2.02893,2.16166,1.97206,2.17876,2.06068,2.07416,1.97233,2.0384
475,Taylor,SOU,DEF,3.9,0.43276,0.46227,0.42415,0.46677,0.44323,0.44822,0.41281,0.43963
476,Walker-Peters,SOU,DEF,4.3,2.53608,2.59991,2.4754,2.61359,2.4907,2.57322,2.37852,2.5417
477,Wood,SOU,DEF,4,1.31476,1.43615,1.28622,1.45212,1.37598,1.36834,1.27927,1.33803
478,A.Phillips,TOT,DEF,4,0,0,0,0,0,0,0,0
479,Austin,TOT,GK,4,0.00719,0.00658,0.00747,0.00877,0.00747,0.00671,0.00807,0.00674
480,Bentancur,TOT,MID,4.9,0.87184,0.93054,0.91222,0.80371,0.90094,0.98832,0.89878,0.87982
481,Bergvall,TOT,MID,4.4,1.12075,1.19718,1.1702,1.01555,1.16761,1.29731,1.18446,1.12044
482,Bissouma,TOT,MID,4.9,1.71131,1.83509,1.8041,1.58573,1.75881,1.93317,1.7568,1.7486
483,Bryan,TOT,MID,5,0,0,0,0,0,0,0,0
484,Davies,TOT,DEF,4.3,0.02367,1.0295,1.27541,1.56162,1.32298,1.36318,1.61666,1.28711
485,Devine,TOT,MID,4.5,0,0,0,0,0,0,0,0
486,Dragusin,TOT,DEF,4.3,2.18644,2.13253,2.18544,2.4425,2.1119,2.17437,2.46767,2.03906
487,E.Royal,TOT,DEF,4.5,0,0,0,0,0,0,0,0
488,Forster,TOT,GK,4.3,3.66139,3.15984,3.57644,4.40271,3.79239,3.22485,4.07693,3.23406
489,Gray,TOT,MID,4.6,1.44524,1.52383,1.49669,1.34061,1.48957,1.61888,1.5015,1.44747
490,Højbjerg,TOT,MID,5,0,0,0,0,0,0,0,0
491,Johnson,TOT,MID,6.5,2.40004,2.81477,2.73616,2.25855,2.4869,3.18218,2.7685,2.61395
492,Kulusevski,TOT,MID,6.4,2.61075,2.80906,2.70707,2.35252,2.58885,3.08868,2.83533,2.56831
493,"Lo Celso",TOT,MID,4.9,0.95791,1.04231,1.0285,0.83227,0.90955,1.0649,0.94738,1.00179
494,Maddison,TOT,MID,7.7,2.73106,3.14015,2.95869,2.32957,2.5885,3.48361,2.93883,2.76556
495,"Pedro Porro",TOT,DEF,5.5,3.10681,3.18024,3.17044,3.2132,3.026,3.34899,3.45997,2.97466
496,Reguilón,TOT,DEF,4.2,0.04225,0.04138,0.04183,0.04519,0.04108,0.04309,0.04768,0.0389
497,Richarlison,TOT,FWD,6.8,0.01647,0.01835,1.37228,1.17152,1.55562,1.8211,1.52083,1.57871
498,Romero,TOT,DEF,5,0,0,0,2.37734,2.4996,2.68131,2.87101,2.5624
499,P.M.Sarr,TOT,MID,4.8,1.94444,1.96384,1.91925,1.78175,1.97582,2.08958,2.01975,1.84919
500,Scarlett,TOT,FWD,4.5,0,0,0,0,0,0,0,0
501,Skipp,LEI,MID,4.8,1.18387,1.22216,1.23417,1.31465,1.26295,1.31732,1.29322,1.21064
502,Solomon,TOT,MID,5.4,0,0,0,0,0,0,0,0
503,Son,TOT,MID,9.8,3.52424,4.55213,4.10199,2.65984,2.95797,4.93981,3.48916,3.73922
504,Spence,TOT,DEF,4.4,1.35884,1.31412,1.33904,1.49112,1.30692,1.34838,1.53517,1.24059
505,Udogie,TOT,DEF,4.9,2.63014,2.60537,2.64088,2.84551,2.56549,2.69278,2.94154,2.47255
506,"Van de Ven",TOT,DEF,4.5,0,0,0,1.33084,1.41429,1.44861,1.71912,1.47463
507,Veliz,TOT,FWD,5,0,0,0,0,0,0,0,0
508,Vicario,TOT,GK,4.9,0,0,0,0,0,0,0,0
509,Werner,TOT,MID,6.2,1.90563,2.22312,2.08214,1.58212,1.79591,2.44289,2.0123,1.92462
510,Whiteman,TOT,GK,4,0.00719,0.00658,0.00747,0.00877,0.00747,0.00671,0.00807,0.00674
511,Álvarez,WHU,MID,5,1.87515,1.54077,1.57086,1.59587,1.65777,1.60364,1.59071,1.67042
512,Antonio,WHU,FWD,5.4,0,0,0,0,0,0,0,0
513,Areola,WHU,GK,4.2,0.43495,0.38005,0.45404,0.33905,0.3341,0.43298,0.43374,0.32482
514,Bowen,WHU,MID,7.5,3.88715,3.0484,2.85728,3.16026,3.21191,2.9841,2.91191,3.36829
515,Cornet,SOU,MID,4.7,0,0.0621,0.06388,0.06024,0.05817,0.06227,0.05958,0.06351
516,Coufal,WHU,DEF,4.2,1.80973,1.87804,2.04719,1.75702,1.76097,1.96742,1.98524,1.77968
517,Cresswell,WHU,DEF,3.9,0.42344,0.43975,0.51438,0.39617,0.39415,0.48768,0.49445,0.39621
518,Downes,SOU,MID,4.8,2.1927,2.05401,2.16753,2.00699,1.95052,2.12407,1.99837,2.15716
519,Earthy,WHU,MID,4.5,0,0,0,0,0,0,0,0
520,Emerson,WHU,DEF,4.4,2.27617,2.32789,2.60424,2.15797,2.15379,2.5006,2.52391,2.17425
521,Fabianski,WHU,GK,4.1,3.7691,3.33649,3.94105,2.96751,2.92291,3.75144,3.75833,2.83938
522,Foderingham,WHU,GK,4.3,0.00939,0.00809,0.00979,0.00722,0.00711,0.00934,0.00936,0.00692
523,Ings,WHU,FWD,5,1.04998,0.74006,0.7159,0.83797,0.8876,0.7681,0.74882,0.90208
524,Kilman,WHU,DEF,4.5,2.78919,2.76544,3.0585,2.64144,2.66479,2.96619,2.98993,2.67612
525,Kudus,WHU,MID,6.2,2.84906,2.48529,2.18073,2.54166,2.59591,2.24207,2.20179,2.69584
526,L.Guilherme,WHU,MID,4.7,0.16232,0.1352,0.1331,0.1401,0.14506,0.13648,0.135,0.1473
527,L.Paquetá,WHU,MID,5.7,0,2.30429,2.18819,2.32474,2.38521,2.23122,2.19308,2.46122
528,Mavropanos,WHU,DEF,4.4,2.00802,2.03222,2.31782,1.8784,1.87748,2.22189,2.24538,1.88724
529,N.Aguerd,WHU,DEF,4.4,0,0,0,0,0,0,0,0
530,Souček,WHU,MID,4.9,2.28463,1.99412,1.91188,2.06188,2.12149,1.95315,1.93393,2.16613
531,Ward-Prowse,NFO,MID,6.2,0.51269,0.48832,0.54374,0.49593,0.53976,0.48681,0.51956,0.50193
532,Zouma,WHU,DEF,4.4,0,0,0,0,0,0,0,0
533,Aït-Nouri,WOL,DEF,4.8,1.86408,2.34387,1.93087,2.23959,2.23325,1.94169,1.91518,2.21599
534,B.Traore,WOL,MID,4.8,0,0.0162,0.7327,0.81781,0.84441,0.84239,0.87509,0.84333
535,Bellegarde,WOL,MID,5,1.57444,1.61551,1.66391,1.50067,1.47673,1.47061,1.58825,1.41448
536,Bentley,WOL,GK,4,0.00677,0.0083,0.00667,0.00837,0.00844,0.00692,0.00654,0.00958
537,Chiquinho,WOL,MID,4.5,0,0,0,0,0,0,0,0
538,Chirewa,WOL,MID,4.5,0,0,0,0,0,0,0,0
539,Chiwome,WOL,FWD,4.5,0.00296,0.00309,0.00321,0.0028,0.00274,0.00263,0.00299,0.00253
540,Cundle,WOL,MID,4.5,0.00037,0.0004,0.0004,0.00037,0.00036,0.00036,0.00038,0.00035
541,Cunha,WOL,FWD,7.1,3.10993,2.82491,3.39638,2.67048,2.62091,2.88356,3.19779,2.47186
542,Dawson,WOL,DEF,4.4,1.32833,1.64208,1.36884,1.59243,1.58876,1.41924,1.35397,1.59677
543,Doherty,WOL,DEF,4.3,1.55737,2.03903,1.61669,1.95183,1.94693,1.66027,1.60212,1.93773
544,Doyle,WOL,MID,4.8,1.33485,1.40857,1.41142,1.32063,1.29425,1.27324,1.32953,1.24656
545,"Fábio Silva",WOL,FWD,5,0,0,0,0,0,0,0,0
546,Fraser,WOL,FWD,4.5,0,0,0,0,0,0,0,0
547,Gonzalez,WOL,MID,4.4,0,0,0,0,0,0,0,0
548,Guedes,WOL,MID,5.3,1.67721,1.71876,1.83154,1.57577,1.5553,1.55839,1.77487,1.46163
549,H.Bueno,WOL,DEF,4.5,0,0,0,0,0,0,0,0
550,"Hee Chan",WOL,MID,6.1,1.5725,1.73328,1.67021,1.58805,1.57071,1.47937,1.60671,1.48174
551,Hodge,WOL,MID,4.5,0,0,0,0,0,0,0,0
552,Hoever,WOL,DEF,4,0,0,0,0,0,0,0,0
553,J.Gomes,WOL,MID,4.9,2.15311,2.20985,2.25301,2.09438,2.06824,2.06717,2.17012,1.99738
554,"José Sá",WOL,GK,4.3,3.23332,3.9669,3.19202,3.99247,4.02575,3.30028,3.13208,4.53077
555,Kalajdžić,WOL,FWD,4.8,0,0,0,0,0,0,0,0
556,King,WOL,GK,4,0.00674,0.00827,0.00665,0.00833,0.00841,0.00689,0.00652,0.00953
557,"Mario Jr.",WOL,MID,5,1.26252,1.68993,1.97493,1.88457,1.86203,1.88999,2.00971,1.79924
558,Mosquera,WOL,DEF,3.9,0,0,0,0,0,0,0,0
559,N.Semedo,WOL,DEF,4.5,2.15516,2.677,2.22897,2.58056,2.57878,2.28189,2.22134,2.57449
560,Neto,CHE,MID,6.2,1.93778,1.76587,1.75528,1.99853,2.05559,1.55913,2.07778,1.68313
561,"Pedro Lima",WOL,DEF,3.9,0.00511,0.00655,0.00527,0.00632,0.00632,0.0055,0.00526,0.00634
562,Podence,WOL,MID,5.5,1.68892,1.53191,1.67007,1.48548,1.50412,1.40115,1.60293,1.42556
563,R.Gomes,WOL,MID,5.2,1.38175,1.4112,1.47515,1.31108,1.29278,1.29649,1.42035,1.23215
564,S.Bueno,WOL,DEF,4.3,2.004,2.47909,2.05497,2.4012,2.40104,2.12904,2.05408,2.40666
565,Sarabia,WOL,MID,5.1,0,0,0,0,0,0,0,0
566,"Strand Larsen",WOL,FWD,5.6,2.20741,2.17912,2.32655,2.04288,2.01553,2.03781,2.22455,1.91031
567,Toti,WOL,DEF,4.3,2.263,2.70954,2.34118,2.62234,2.61392,2.37579,2.31029,2.61695
568,Muric,IPS,GK,4.4,4.70086,3.54757,4.24374,3.4216,3.77351,5.0618,2.95234,4.52243
569,Jaden,AVL,MID,5.3,0.786,0.84334,0.99137,0.81537,0.70361,0.90938,0.88815,0.86463
570,A.Fatawu,LEI,MID,5.2,0,0,0,0,0,0,0,0
571,Sávio,MCI,MID,6.4,2.38034,2.23416,2.55005,2.15436,2.15551,2.23604,1.719,2.38423
572,Yoro,MUN,DEF,4.3,2.07527,2.01491,2.21367,1.8129,1.91532,2.0618,1.90558,2.31507
573,Milenković,NFO,DEF,4.6,2.41737,2.31942,2.49902,2.45523,2.23672,2.42106,2.33479,2.47137
574,Pivas,NEW,DEF,4,0,0,0,0,0,0,0,0
575,Wiley,CHE,DEF,4,0,0,0,0,0,0,0,0
576,Irving,WHU,MID,4.8,0.40039,0.33468,0.32397,0.3488,0.36364,0.33234,0.32887,0.3694
577,Lindstrøm,EVE,MID,5.1,1.66951,1.92241,1.70254,1.85961,1.81294,1.75615,2.11955,1.82563
578,Calafiori,ARS,DEF,5.8,2.65319,2.85423,2.63625,2.67486,2.65256,2.71946,2.57905,2.68082
579,Sessegnon,FUL,DEF,4.2,0.23326,0.20816,0.19989,0.22149,0.21299,0.19672,0.23343,0.20322
580,Huijsen,BOU,DEF,4.3,1.98249,2.10542,1.92282,2.27031,2.27181,2.01437,2.10948,2.08245
581,Jørgensen,CHE,GK,4.2,0.21115,0.20501,0.24109,0.21302,0.20458,0.28275,0.20556,0.254
582,O'Brien,EVE,DEF,4.6,0.35611,0.3131,0.31945,0.31024,0.31845,0.32758,0.33128,0.33267
583,Townsend,IPS,DEF,4,0.11147,0.09589,0.09979,0.08959,0.09361,0.1106,0.0823,0.10855
584,"Brereton Díaz",SOU,MID,4.9,0.91809,0.87338,0.91175,0.85152,0.82472,0.89125,0.84566,0.90685
585,I.Sarr,CRY,MID,5.7,2.53836,2.74384,2.53055,2.78817,2.73005,2.69786,2.60088,2.6595
586,J.Cuenca,FUL,DEF,4.4,1.36798,1.20645,1.15605,1.29273,1.23942,1.139,1.36973,1.17607
587,Summerville,WHU,MID,5.6,2.17723,1.61405,1.5348,1.67507,1.72933,1.60984,1.57223,1.79668
588,G.Rodríguez,WHU,MID,4.8,1.44781,1.28551,1.21618,1.32834,1.37903,1.23842,1.22921,1.39122
589,Füllkrug,WHU,FWD,6.7,2.20635,1.70147,1.53087,1.87545,1.97375,1.62543,1.58811,2.00618
590,Osula,NEW,FWD,4.9,0.4049,0.41963,0.41913,0.43171,0.42496,0.53836,0.40563,0.34932
591,Todibo,WHU,DEF,4.3,2.01831,1.97449,2.2286,1.85212,1.86132,2.1507,2.16858,1.87482
592,J.Araujo,BOU,DEF,4.3,0,0,0,0,0,0,0,0
593,"De Ligt",MUN,DEF,5,1.90734,2.42442,2.74816,2.39518,2.47279,2.67563,2.47842,2.96354
594,Mazraoui,MUN,DEF,4.6,2.40232,2.39997,2.52935,2.20723,2.29302,2.37835,2.29474,2.65524
595,Gruda,BHA,MID,5.4,1.36293,1.23645,1.18773,1.29208,1.29125,1.35549,1.24554,1.25119
596,"Jota Silva",NFO,MID,5.9,1.7133,1.5643,1.7916,1.58647,1.78529,1.53849,1.69795,1.60646
597,Lewis-Skelly,ARS,MID,4.5,0.91712,0.91307,0.89053,0.89886,0.90234,0.94486,0.86214,0.97845
598,Bogarde,AVL,DEF,4,0.20564,0.16828,0.17498,0.17275,0.20833,0.1711,0.18565,0.16586
599,Dennis,BOU,GK,4,0.00679,0.00791,0.00637,0.00852,0.00844,0.00674,0.00772,0.00854
600,Ayari,BHA,MID,5,1.99714,1.79967,1.72875,1.83171,1.83742,1.93351,1.78285,1.80055
601,Moran,BHA,MID,5,0,0,0,0,0,0,0,0
602,Trevitt,BRE,MID,4.4,0.02087,0.0198,0.02416,0.02014,0.02023,0.02185,0.02102,0.02208
603,Armstrong,EVE,MID,4.5,0.18584,0.21247,0.19309,0.20044,0.19938,0.19889,0.23,0.21041
604,King,FUL,MID,4.5,0.55222,0.5989,0.5816,0.60611,0.62708,0.56553,0.56311,0.60359
605,Godo,FUL,MID,4.5,0.36208,0.38998,0.37605,0.39282,0.40728,0.36393,0.36278,0.39023
606,Alves,LEI,MID,4.5,0.00435,0.00455,0.00461,0.00493,0.00475,0.00497,0.00476,0.00446
607,O’Reilly,MCI,MID,4.9,0.00604,0.00614,0.00615,0.00583,0.00574,0.00563,0.00508,0.00594
608,Dibling,SOU,MID,4.5,1.80942,1.70625,1.76774,1.64733,1.59502,1.72224,1.63399,1.7528
609,Lankshear,TOT,FWD,4.5,0.38015,0.3999,0.37714,0.30107,0.40093,0.44208,0.38463,0.37541
610,Moore,TOT,MID,4.5,0.01641,0.01757,0.60251,0.63357,0.75207,0.83193,0.77771,0.75724
611,Szmodics,IPS,MID,5.8,1.52898,1.68431,1.67871,1.72579,1.63086,1.53669,1.79921,1.63685
612,Odobert,TOT,MID,5.3,0,0,0,0,0,0,0,0
613,Collyer,MUN,MID,4.5,0.01404,0.01352,0.01213,0.0139,0.01319,0.01318,0.01366,0.01382
614,Metcalfe,EVE,MID,4.5,0,0,0,0,0,0,0,0
615,Rushworth,BHA,GK,4,0,0,0,0,0,0,0,0
616,Nelson,LEI,DEF,4,0,0,0,0,0,0,0,0
617,Evanilson,BOU,FWD,6,2.57118,2.39836,2.6363,2.23331,2.26228,2.58108,2.28108,2.82168
618,Georginio,BHA,MID,5.4,2.15186,1.98554,1.88609,2.0816,2.06125,2.1318,1.99208,1.99353
619,Cajuste,IPS,MID,4.5,1.51729,1.60711,1.66788,1.66501,1.61083,1.56364,1.74604,1.63082
620,Sosa,NFO,MID,5.5,0.77772,0.76451,0.84256,0.74765,0.82999,0.74909,0.7877,0.77448
621,"João Félix",CHE,MID,6,0.90183,0.90576,0.91565,0.95758,0.98392,0.81104,0.99419,0.87837
622,Berge,FUL,MID,5,1.31674,1.8121,1.93044,2.13313,2.19336,1.95833,2.00285,2.06484
623,M.Fernandes,SOU,MID,5,2.26085,2.22765,2.28393,2.21293,2.14599,2.25294,2.22882,2.28455
624,Begovic,EVE,GK,4,0.26456,0.19968,0.24385,0.19567,0.22089,0.23622,0.20155,0.22355
625,Gündogan,MCI,MID,6.5,2.33964,2.40476,2.40909,2.30821,2.29482,2.19112,1.96245,2.30837
626,Kaboré,MCI,DEF,4.5,0,0,0,0,0,0,0,0
627,Dixon,EVE,DEF,4,0.02073,0.01673,0.01788,0.01671,0.01752,0.01827,0.01736,0.01842
628,F.Kadıoğlu,BHA,DEF,4.5,0.1318,0.58508,1.08073,1.37953,1.7118,1.58127,1.7132,1.72141
629,O'Riley,BHA,MID,5.5,1.17833,1.02341,0.98248,1.10003,1.08113,1.16963,1.0336,1.0765
630,O'Shea,IPS,DEF,4.1,2.63695,2.35627,2.40957,2.23632,2.30834,2.62008,2.09875,2.58472
631,J.Clarke,IPS,MID,5.5,1.39441,1.58595,1.60439,1.64676,1.53943,1.44362,1.72392,1.56064
632,Ogbene,IPS,MID,4.9,0,0,0,0,0,0,0,0
633,Merino,ARS,MID,6,1.93023,1.8644,1.79419,1.82977,1.88234,1.92672,1.72706,1.94623
634,G.Nunes,BRE,MID,4.9,0,0,0,0,0,0,0,0
635,"El Khannouss",LEI,MID,4.8,1.68991,1.86999,1.73991,2.0079,1.95179,1.86884,1.75414,1.80005
636,Chiesa,LIV,MID,6.8,0.75172,0.64844,0.60912,0.59109,0.64058,0.66146,0.58159,0.68093
637,Meupiyou,WOL,DEF,4,0.15722,0.2014,0.162,0.19422,0.19419,0.1691,0.16178,0.19483
638,"Oulad M'hand",ARS,MID,4.5,0.00703,0.00706,0.00688,0.0069,0.00696,0.00733,0.00661,0.00753
639,Setford,ARS,GK,4.5,0.00617,0.00891,0.0087,0.00769,0.00683,0.00806,0.00796,0.00776
640,Swinkels,AVL,DEF,4,0.01094,0.00907,0.00948,0.00923,0.01105,0.00924,0.00994,0.00895
641,Zych,AVL,GK,4,0.00833,0.00688,0.00671,0.00747,0.00877,0.00661,0.00724,0.00587
642,André,WOL,MID,5,1.82366,1.87937,1.92649,1.79604,1.76934,1.76525,1.85157,1.71527
643,Casey,WHU,DEF,4,0.39929,0.41292,0.47701,0.37568,0.37452,0.45386,0.45968,0.37661
644,Umeh-Chibueze,CRY,MID,4.4,8.0E-5,0.00034,0.00064,0.00095,0.00103,0.00108,0.00104,0.00108
645,Devenny,CRY,MID,4.5,1.37664,1.53452,1.40964,1.55055,1.49676,1.53534,1.44088,1.53191
646,Agbinone,CRY,MID,4.5,0.12583,0.13709,0.12439,0.14243,0.13699,0.1364,0.1313,0.13632
647,Rodney,CRY,MID,4.5,0.0003,0.00032,0.0003,0.00033,0.00032,0.00032,0.00031,0.00032
648,Wheatley,MUN,FWD,4.5,0.01543,0.01362,0.01147,0.01546,0.01364,0.01392,0.01449,0.01411
649,Meghoma,BRE,DEF,4,0.3918,0.37356,0.37438,0.36926,0.38718,0.39535,0.37466,0.39846
650,Lacroix,CRY,DEF,4.5,2.50652,2.26962,2.42803,2.565,2.62926,2.37574,2.60714,2.29993
651,Mangala,EVE,MID,5,1.86876,1.99164,1.9021,1.89949,1.90049,1.93769,2.07335,2.01202
652,Ugarte,MUN,MID,4.9,1.75768,1.98763,1.48881,2.01773,1.92523,1.61055,1.97789,1.68295
653,Morato,NFO,DEF,4.5,1.85621,1.78073,1.92277,1.90078,1.67104,1.87356,1.77514,1.91441
654,C.Soler,WHU,MID,5,1.73319,1.40642,1.35319,1.4612,1.5185,1.39176,1.37136,1.55501
655,Forbs,WOL,MID,5.5,0.68022,0.72246,0.72421,0.64731,0.63828,0.61686,0.69187,0.59568
656,Young,AVL,MID,4.5,0.00707,0.00728,0.00821,0.00726,0.00647,0.00768,0.0077,0.00738
657,Kacurri,ARS,DEF,4,0.01007,0.01243,0.01118,0.01074,0.01024,0.01113,0.01058,0.0108
658,Heaven,ARS,DEF,4,0.01007,0.01243,0.01118,0.01074,0.01024,0.01113,0.01058,0.0108
659,Kabia,ARS,MID,4.5,0.00901,0.00902,0.0088,0.00885,0.00893,0.00937,0.00847,0.00963
660,Jaros,LIV,GK,4,0.00768,0.00872,0.00771,0.00829,0.00932,0.00668,0.00938,0.00752
661,Yogane,BRE,MID,4.5,0.013,0.01225,0.0151,0.01248,0.01256,0.01358,0.01304,0.01374
662,Nichols,ARS,DEF,4,0.01659,0.02056,0.0185,0.01772,0.01689,0.01842,0.01746,0.01788
663,Samuels,BHA,DEF,4,0.01966,0.0235,0.02072,0.01947,0.02215,0.0187,0.02095,0.02098
664,Pond,WOL,DEF,3.9,0.14787,0.1911,0.15225,0.18439,0.18438,0.15977,0.15217,0.18519
665,Butler-Oyedeji,ARS,FWD,4.5,0.01626,0.01604,0.0162,0.01521,0.01586,0.0179,0.01439,0.01873
666,Kporha,CRY,DEF,4,0.61753,0.52413,0.60695,0.60797,0.64133,0.56561,0.64372,0.53683
667,Fletcher,MUN,MID,4.5,0.02718,0.02623,0.02342,0.02695,0.0256,0.02549,0.02646,0.02674
668,Cahill,BHA,GK,3.9,0.00728,0.00938,0.0077,0.007,0.00922,0.00703,0.00804,0.00798
669,Davies,LIV,GK,4,0.00671,0.00756,0.00674,0.00719,0.00807,0.00587,0.00812,0.00658
670,Amass,MUN,DEF,4,0.00554,0.00536,0.00612,0.00469,0.00506,0.00556,0.00501,0.00633
671,Wright,MCI,MID,4.5,0.00082,0.00085,0.00083,0.0008,0.00078,0.00076,0.00069,0.0008
672,Simpson-Pusey,MCI,DEF,4,0.16362,0.1829,0.17594,0.21064,0.16962,0.18355,0.20987,0.183
673,Fitzgerald,MUN,MID,4.5,0.04651,0.04488,0.04007,0.0461,0.0438,0.04361,0.04526,0.04575
674,Maghoma,BRE,MID,4.5,0.84411,0.79309,0.98482,0.80465,0.80743,0.88366,0.84088,0.89348
675,Wilson-Esbrand,MCI,DEF,4,0.06027,0.06738,0.06476,0.07745,0.06252,0.0675,0.07711,0.06732
676,Marsh,CRY,FWD,4.5,0.04559,0.0522,0.0416,0.05451,0.05086,0.04975,0.04776,0.05116
677,Scarles,WHU,DEF,4,0.80232,0.82622,0.952,0.75289,0.75108,0.90649,0.9178,0.75558
678,Bates,EVE,MID,4.5,0.094,0.10486,0.09647,0.10032,0.09937,0.09911,0.1128,0.10355
679,Broggio,AVL,MID,4.5,0.0797,0.08188,0.09248,0.08175,0.07282,0.08648,0.087,0.08308
680,Kinsey,BOU,DEF,4,0.00091,0.00101,0.00087,0.00111,0.00111,0.00093,0.001,0.00097
681,McConville,BHA,DEF,4,0.11259,0.13359,0.11824,0.11081,0.12597,0.1072,0.11916,0.11985
682,Edozie,WOL,MID,4.5,0.09128,0.0965,0.09772,0.09,0.08861,0.08683,0.09351,0.08452
683,Olusesi,TOT,MID,4.5,0.07428,0.0801,0.07799,0.06751,0.07577,0.08599,0.07755,0.07468
684,Hardy,TOT,DEF,4,0.10945,0.10611,0.10947,0.12536,0.10494,0.10814,0.12602,0.10086
685,Slater,BHA,DEF,4,0.15386,0.18256,0.16147,0.1516,0.17222,0.14652,0.16291,0.1637
686,Mayers,WHU,DEF,4,0.17154,0.17635,0.20234,0.16127,0.16097,0.19293,0.19525,0.16197
687,Winterburn,BOU,MID,4.5,0.132,0.12657,0.13386,0.12191,0.1238,0.13429,0.12256,0.14747
688,Nyoni,LIV,MID,4.5,0.00017,0.00015,0.00014,0.00014,0.00015,0.00015,0.00014,0.00016
689,Williams-Barnett,TOT,MID,4.5,0.09918,0.10685,0.10401,0.09006,0.1011,0.11474,0.10363,0.09957
690,Amissah,FUL,DEF,4,0.18008,0.15534,0.14794,0.1675,0.1593,0.14623,0.18013,0.1508
691,Kukonki,MUN,DEF,4,0.19641,0.1905,0.21595,0.16715,0.17979,0.19682,0.17829,0.22374
692,Nallo,LIV,DEF,4,0.01093,0.01158,0.01017,0.01097,0.01263,0.01029,0.01113,0.01071
693,O'Brien-Whitmarsh,SOU,MID,4.5,0.21347,0.20934,0.21191,0.20344,0.1969,0.20691,0.20136,0.21077
694,Cartwright,LEI,MID,4.5,0.36222,0.37928,0.38509,0.41174,0.39705,0.41565,0.39593,0.37134
695,Rak-Sakyi,CHE,MID,4.5,0.24725,0.24806,0.25758,0.25947,0.26193,0.2335,0.26301,0.2466
696,George,CHE,MID,4.5,0.02555,0.02563,0.02662,0.02681,0.02707,0.02413,0.02718,0.02548
697,Acheampong,CHE,DEF,4,0.11797,0.11695,0.13133,0.12325,0.12214,0.14722,0.12131,0.13007
698,Mubama,MCI,FWD,4.5,0.00994,0.0106,0.00957,0.00907,0.00972,0.00807,0.00716,0.00894
699,Dorrington,TOT,DEF,4,0.36163,0.35265,0.36342,0.41357,0.34708,0.36041,0.41687,0.33486
700,King,TOT,DEF,4,0.38663,0.37696,0.38825,0.44127,0.37086,0.38497,0.44483,0.35786
701,Orford,WHU,MID,4.5,0.00193,0.00159,0.00156,0.00165,0.00171,0.0016,0.00158,0.00174
